[
null,
{"id":1,"battlerName":"Actor1_1","characterIndex":0,"characterName":"Actor1","classId":1,"equips":[1,1,2,3,0],"faceIndex":0,"faceName":"Actor1","traits":[],"initialLevel":1,"maxLevel":99,"name":"霍尔德","nickname":"","note":"","profile":""},
{"id":2,"battlerName":"Actor1_8","characterIndex":7,"characterName":"Actor1","classId":2,"equips":[2,1,2,3,0],"faceIndex":7,"faceName":"Actor1","traits":[],"initialLevel":1,"maxLevel":99,"name":"泰雷兹","nickname":"","note":"","profile":""},
{"id":3,"battlerName":"Actor3_8","characterIndex":7,"characterName":"Actor3","classId":3,"equips":[3,0,2,3,4],"faceIndex":7,"faceName":"Actor3","traits":[],"initialLevel":1,"maxLevel":99,"name":"玛莎","nickname":"","note":"","profile":""},
{"id":4,"battlerName":"小佩露","characterIndex":1,"characterName":"小超萌战斗","classId":4,"equips":[4,0,2,3,4],"faceIndex":0,"faceName":"佩露佩露","traits":[],"initialLevel":1,"maxLevel":99,"name":"佩露佩露（礼服）","nickname":"","note":"","profile":""},
{"id":5,"battlerName":"","characterIndex":6,"characterName":"小超萌行走图","classId":1,"equips":[0,0,0,0,0],"faceIndex":0,"faceName":"小超萌","traits":[],"initialLevel":1,"maxLevel":99,"name":"小超萌","nickname":"","note":"","profile":""},
{"id":6,"battlerName":"","characterIndex":0,"characterName":"2","classId":1,"equips":[0,0,0,0,0],"faceIndex":0,"faceName":"佩露佩露","traits":[],"initialLevel":1,"maxLevel":99,"name":"佩露佩露","nickname":"","note":"","profile":""},
{"id":7,"battlerName":"","characterIndex":3,"characterName":"少女6","classId":3,"equips":[0,0,0,0,0],"faceIndex":0,"faceName":"幼儿园老师","traits":[],"initialLevel":1,"maxLevel":99,"name":"葵花老师","nickname":"","note":"","profile":"【狸猫幼儿园】的老师，很受小孩子的喜爱。"},
{"id":8,"battlerName":"","characterIndex":1,"characterName":"小孩2","classId":1,"equips":[0,0,0,0,0],"faceIndex":2,"faceName":"小孩21","traits":[],"initialLevel":1,"maxLevel":99,"name":"小朋友1","nickname":"","note":"","profile":""},
{"id":9,"battlerName":"","characterIndex":1,"characterName":"小孩","classId":1,"equips":[0,0,0,0,0],"faceIndex":1,"faceName":"小孩","traits":[],"initialLevel":1,"maxLevel":99,"name":"小朋友2","nickname":"","note":"","profile":""},
{"id":10,"battlerName":"","characterIndex":2,"characterName":"小孩","classId":1,"equips":[0,0,0,0,0],"faceIndex":2,"faceName":"小孩","traits":[],"initialLevel":1,"maxLevel":99,"name":"小朋友3","nickname":"","note":"","profile":""},
{"id":11,"battlerName":"","characterIndex":2,"characterName":"SF_People3","classId":4,"equips":[0,0,0,0,0],"faceIndex":1,"faceName":"救援队","traits":[],"initialLevel":1,"maxLevel":99,"name":"救援队","nickname":"","note":"","profile":"来自【绿洲搜救组】的专业人员，已从业12年。"},
{"id":12,"battlerName":"","characterIndex":7,"characterName":"小人","classId":1,"equips":[0,0,0,0,0],"faceIndex":1,"faceName":"修脚师","traits":[],"initialLevel":1,"maxLevel":99,"name":"修脚师","nickname":"","note":"","profile":"毕业之后毅然选择来到巨人城市工作的年轻人，\n是佩露佩露小姐的粉丝。"},
{"id":13,"battlerName":"","characterIndex":3,"characterName":"Vehicle","classId":6,"equips":[0,0,0,0,0],"faceIndex":0,"faceName":"","traits":[],"initialLevel":1,"maxLevel":99,"name":"小人国飞艇","nickname":"","note":"","profile":""},
{"id":14,"battlerName":"","characterIndex":7,"characterName":"!Flame","classId":6,"equips":[0,0,0,0,0],"faceIndex":0,"faceName":"小超萌","traits":[],"initialLevel":1,"maxLevel":99,"name":"小超萌","nickname":"","note":"","profile":""},
{"id":15,"battlerName":"","characterIndex":5,"characterName":"和风（小偷）","classId":6,"equips":[0,0,0,0,0],"faceIndex":0,"faceName":"和风（小偷）","traits":[],"initialLevel":1,"maxLevel":99,"name":"强盗","nickname":"","note":"","profile":""}
]