{
"autoplayBgm":true,"autoplayBgs":false,"battleback1Name":"","battleback2Name":"","bgm":{"name":"JGSM_BGM25_Sence06","pan":0,"pitch":100,"volume":55},"bgs":{"name":"","pan":0,"pitch":100,"volume":90},"disableDashing":false,"displayName":"","encounterList":[],"encounterStep":30,"height":13,"note":"","parallaxLoopX":false,"parallaxLoopY":false,"parallaxName":"","parallaxShow":true,"parallaxSx":0,"parallaxSy":0,"scrollType":0,"specifyBattleback":false,"tilesetId":16,"width":17,
"data":[0,0,0,6818,6828,6828,6828,6828,6828,6828,6828,6828,6828,6825,0,0,0,0,0,0,6832,7138,7138,7138,7138,7138,7138,7138,7138,7138,6832,0,0,0,0,0,0,6832,7136,7136,7136,7136,7136,7136,7136,7136,7136,6832,0,0,0,0,0,0,6832,7144,7144,7144,7144,7144,7144,7144,7144,7144,6832,0,0,0,0,0,0,6832,3618,3604,3604,3604,3604,3604,3604,3604,3620,6832,0,0,0,0,0,0,6832,3600,3584,3584,3584,3584,3584,3584,3584,3608,6832,0,0,0,0,0,0,6832,3600,3584,3584,3584,3584,3584,3584,3584,3608,6832,0,0,0,0,0,0,6832,3600,3584,3584,3584,3584,3584,3584,3584,3608,6832,0,0,0,0,0,0,6832,3600,3584,3584,3584,3584,3584,3584,3584,3608,6832,0,0,0,0,0,0,6832,3624,3612,3612,3612,3596,3612,3612,3612,3622,6832,0,0,0,0,0,0,6841,6833,6833,6833,6845,3616,6843,6833,6833,6833,6839,0,0,0,0,0,0,7139,7138,7138,7138,7142,3616,7139,7138,7138,7138,7142,0,0,0,0,0,0,7145,7144,7144,7144,7148,3616,7145,7144,7144,7144,7148,0,0,0,0,0,0,0,0,0,0,0,0,0,0,0,0,0,0,0,0,0,0,0,0,0,0,0,0,0,0,0,0,0,0,0,0,0,0,0,0,0,0,0,0,0,0,0,0,0,0,0,0,0,0,0,0,0,0,0,0,0,0,0,0,0,0,0,0,0,0,0,0,0,0,0,0,0,0,0,4346,0,0,0,0,0,0,0,0,0,0,0,0,0,0,0,0,4336,0,0,0,0,0,0,0,0,0,0,0,0,0,0,0,0,4345,4337,4337,4337,4349,0,0,0,0,0,0,0,0,0,0,0,0,0,0,0,0,0,0,0,0,0,0,0,0,0,0,0,0,0,0,0,0,0,0,0,0,0,0,0,0,0,0,0,0,0,0,0,0,0,0,0,0,0,0,0,0,0,0,0,0,0,0,0,0,0,0,0,0,0,0,0,0,0,0,0,0,0,0,0,0,0,0,0,0,0,0,0,0,0,0,0,0,0,0,0,0,0,0,0,0,0,0,0,0,0,0,0,0,0,0,0,0,0,0,0,0,0,0,0,0,0,0,0,0,0,0,0,0,0,0,0,0,0,0,0,0,0,0,0,0,0,0,0,0,0,0,0,0,0,0,0,0,0,0,0,0,0,0,0,0,0,0,0,0,0,0,0,0,0,0,0,0,0,0,0,0,0,0,0,0,0,0,0,0,0,0,0,0,0,0,0,0,0,0,0,0,0,0,0,0,0,0,0,206,0,0,0,0,0,0,0,0,0,0,0,0,275,0,0,0,0,0,0,0,0,0,0,0,0,0,0,0,0,0,0,0,0,0,0,0,0,0,0,0,0,0,0,0,0,0,0,0,0,0,0,0,0,0,0,0,0,0,0,0,0,0,0,0,0,0,0,0,0,0,0,0,0,0,0,0,0,0,0,0,0,0,0,0,0,0,0,0,0,0,0,0,0,0,0,0,0,0,0,0,0,0,0,0,0,0,0,0,0,0,0,0,0,0,0,0,0,0,0,0,0,0,0,0,0,0,0,0,0,0,0,0,0,0,0,0,0,0,0,0,0,0,0,0,0,0,0,0,0,0,0,0,0,0,0,0,0,0,0,0,0,0,864,0,962,963,0,0,0,0,0,0,0,0,0,0,0,0,293,872,333,0,452,134,276,0,135,0,0,0,0,0,0,0,0,301,0,0,0,452,0,284,0,198,0,0,0,0,0,0,0,0,0,0,0,0,560,561,561,561,561,0,0,0,0,0,0,0,0,0,0,0,0,568,569,569,569,569,0,0,0,0,0,0,0,0,183,0,0,0,0,0,0,0,0,0,0,0,0,0,0,0,0,191,0,0,0,0,0,0,0,0,0,0,0,0,0,0,0,0,214,0,0,0,0,0,0,0,0,0,0,0,0,0,0,0,0,0,0,0,0,0,0,0,0,0,0,0,0,0,0,0,0,0,0,0,0,0,0,0,0,0,0,0,0,0,0,0,0,0,0,0,0,0,0,0,0,0,0,0,0,0,0,0,0,0,0,0,0,0,0,0,0,0,0,0,0,0,0,0,0,0,0,0,0,0,0,0,0,0,0,0,0,0,0,0,0,0,0,0,0,0,0,0,0,0,0,0,0,0,0,0,0,0,0,0,0,0,0,0,0,0,0,0,0,0,0,0,0,0,0,0,0,0,0,0,5,0,0,0,0,0,0,0,0,0,0,0,0,0,0,0,0,5,0,0,0,0,0,0,0,0,0,0,0,0,0,0,0,0,5,0,0,0,0,0,0,0,0,0,0,0,0,0,0,0,0,5,0,0,0,0,0,0,0,0,0,0,0,0,0,0,0,0,5,0,0,0,0,0,0,0,0,0,0,0,0,0,0,0,0,5,0,0,0,0,0,0,0,0,0,0,0,0,0,0,0,0,0,0,0,0,0,0,0,0,0,0,0,0,0,0,0,0,0,0,0,0,0,5,0,0,0,0,0,0,0,0,0,0,0,0,0,0,0,0,5,0,0,0,0,0,0,0,0,0,0,0,0,0,0,0,0,0,0,0,0,0,0,0,0,0,0,0,0,0,0,0,0,0,0,0,0,0,0,0,0,0,0,0,0,0,0,0,0,0,0,0,0,0,0,0,0,0,0,0,0,0,0,0,0,0,0,0,0,0,0,0,0,0,0,0,0,0,0,0,0,0,0,0,0,0,0,0,0,0,0,0,0,0,0,0,0,0,0,0,0,0,0,0,0,0,0,0,0,0,0,0,0,0,0,0,0,0,0,0,0,0,0,0,0,0,0,0,0,0,0,0,0,0,0,0,0,0,0,0,0,0,0,0,0,0,0,0,0,0,0,0,0,0,0,0,0,0,0,0,0,0,0,0,0,0,0,0,0,0,0,0,0,0,0,0,0,0,0,0,0,0,0,0,0,0,0,0,0,0,0,0,0,0,0,0,0,0,0,0,0,0,0,0,0,0,0,0,0,0,0,0,0,0,0,0,0,0,0,0,0,0,0,0,0,0,0,0,0,0],
"events":[
null,
{"id":1,"name":"EV001","note":"","pages":[{"conditions":{"actorId":1,"actorValid":false,"itemId":1,"itemValid":false,"selfSwitchCh":"A","selfSwitchValid":false,"switch1Id":1,"switch1Valid":false,"switch2Id":1,"switch2Valid":false,"variableId":1,"variableValid":false,"variableValue":0},"directionFix":false,"image":{"tileId":0,"characterName":"前台人员","direction":2,"pattern":1,"characterIndex":1},"list":[{"code":101,"indent":0,"parameters":["前台人员",4,0,2]},{"code":401,"indent":0,"parameters":["【面试官】"]},{"code":401,"indent":0,"parameters":["请进入左边的门完成小人检方对你的"]},{"code":401,"indent":0,"parameters":["审核。"]},{"code":0,"indent":0,"parameters":[]}],"moveFrequency":3,"moveRoute":{"list":[{"code":0,"parameters":[]}],"repeat":true,"skippable":false,"wait":false},"moveSpeed":3,"moveType":0,"priorityType":1,"stepAnime":false,"through":false,"trigger":0,"walkAnime":true}],"x":10,"y":5},
{"id":2,"name":"EV002","note":"","pages":[{"conditions":{"actorId":1,"actorValid":false,"itemId":1,"itemValid":false,"selfSwitchCh":"A","selfSwitchValid":false,"switch1Id":1,"switch1Valid":false,"switch2Id":1,"switch2Valid":false,"variableId":1,"variableValid":false,"variableValue":0},"directionFix":false,"image":{"tileId":0,"characterName":"少女3","direction":8,"pattern":1,"characterIndex":5},"list":[{"code":0,"indent":0,"parameters":[]}],"moveFrequency":3,"moveRoute":{"list":[{"code":0,"parameters":[]}],"repeat":true,"skippable":false,"wait":false},"moveSpeed":3,"moveType":0,"priorityType":1,"stepAnime":false,"through":false,"trigger":0,"walkAnime":true}],"x":10,"y":7},
{"id":3,"name":"EV003","note":"","pages":[{"conditions":{"actorId":1,"actorValid":false,"itemId":1,"itemValid":false,"selfSwitchCh":"A","selfSwitchValid":false,"switch1Id":1,"switch1Valid":false,"switch2Id":1,"switch2Valid":false,"variableId":1,"variableValid":false,"variableValue":0},"directionFix":false,"image":{"characterIndex":0,"characterName":"","direction":2,"pattern":0,"tileId":0},"list":[{"code":250,"indent":0,"parameters":[{"name":"button1","volume":90,"pitch":100,"pan":0}]},{"code":355,"indent":0,"parameters":["Galv.QUEST.complete(4); "]},{"code":230,"indent":0,"parameters":[60]},{"code":101,"indent":0,"parameters":["前台人员",5,0,2]},{"code":401,"indent":0,"parameters":["【面试官】"]},{"code":401,"indent":0,"parameters":["很抱歉，不合格。"]},{"code":222,"indent":0,"parameters":[]},{"code":205,"indent":0,"parameters":[-1,{"list":[{"code":29,"parameters":[3],"indent":null},{"code":4,"indent":null},{"code":4,"indent":null},{"code":4,"indent":null},{"code":2,"indent":null},{"code":2,"indent":null},{"code":2,"indent":null},{"code":4,"indent":null},{"code":18,"indent":null},{"code":29,"parameters":[4],"indent":null},{"code":0}],"repeat":false,"skippable":false,"wait":false}]},{"code":505,"indent":0,"parameters":[{"code":29,"parameters":[3],"indent":null}]},{"code":505,"indent":0,"parameters":[{"code":4,"indent":null}]},{"code":505,"indent":0,"parameters":[{"code":4,"indent":null}]},{"code":505,"indent":0,"parameters":[{"code":4,"indent":null}]},{"code":505,"indent":0,"parameters":[{"code":2,"indent":null}]},{"code":505,"indent":0,"parameters":[{"code":2,"indent":null}]},{"code":505,"indent":0,"parameters":[{"code":2,"indent":null}]},{"code":505,"indent":0,"parameters":[{"code":4,"indent":null}]},{"code":505,"indent":0,"parameters":[{"code":18,"indent":null}]},{"code":505,"indent":0,"parameters":[{"code":29,"parameters":[4],"indent":null}]},{"code":230,"indent":0,"parameters":[60]},{"code":213,"indent":0,"parameters":[1,8,false]},{"code":101,"indent":0,"parameters":["前台人员",4,0,2]},{"code":401,"indent":0,"parameters":["【面试官】"]},{"code":401,"indent":0,"parameters":["你的脚码超过了小人协会规定的最大值..."]},{"code":101,"indent":0,"parameters":["前台人员",4,0,2]},{"code":401,"indent":0,"parameters":["【面试官】"]},{"code":401,"indent":0,"parameters":["这么大的脚走到小人的城市里会把街道"]},{"code":401,"indent":0,"parameters":["都给踩坏的。"]},{"code":101,"indent":0,"parameters":["前台人员",6,0,2]},{"code":401,"indent":0,"parameters":["【面试官】"]},{"code":401,"indent":0,"parameters":["请回吧。"]},{"code":230,"indent":0,"parameters":[30]},{"code":213,"indent":0,"parameters":[2,7,false]},{"code":205,"indent":0,"parameters":[2,{"list":[{"code":1,"indent":null},{"code":1,"indent":null},{"code":2,"indent":null},{"code":2,"indent":null},{"code":1,"indent":null},{"code":1,"indent":null},{"code":1,"indent":null},{"code":39,"indent":null},{"code":37,"indent":null},{"code":3,"indent":null},{"code":3,"indent":null},{"code":3,"indent":null},{"code":0}],"repeat":false,"skippable":true,"wait":false}]},{"code":505,"indent":0,"parameters":[{"code":1,"indent":null}]},{"code":505,"indent":0,"parameters":[{"code":1,"indent":null}]},{"code":505,"indent":0,"parameters":[{"code":2,"indent":null}]},{"code":505,"indent":0,"parameters":[{"code":2,"indent":null}]},{"code":505,"indent":0,"parameters":[{"code":1,"indent":null}]},{"code":505,"indent":0,"parameters":[{"code":1,"indent":null}]},{"code":505,"indent":0,"parameters":[{"code":1,"indent":null}]},{"code":505,"indent":0,"parameters":[{"code":39,"indent":null}]},{"code":505,"indent":0,"parameters":[{"code":37,"indent":null}]},{"code":505,"indent":0,"parameters":[{"code":3,"indent":null}]},{"code":505,"indent":0,"parameters":[{"code":3,"indent":null}]},{"code":505,"indent":0,"parameters":[{"code":3,"indent":null}]},{"code":230,"indent":0,"parameters":[30]},{"code":101,"indent":0,"parameters":["前台人员",5,0,2]},{"code":401,"indent":0,"parameters":["【面试官】"]},{"code":401,"indent":0,"parameters":["下一个。"]},{"code":205,"indent":0,"parameters":[4,{"list":[{"code":3,"indent":null},{"code":4,"indent":null},{"code":0}],"repeat":false,"skippable":false,"wait":true}]},{"code":505,"indent":0,"parameters":[{"code":3,"indent":null}]},{"code":505,"indent":0,"parameters":[{"code":4,"indent":null}]},{"code":250,"indent":0,"parameters":[{"name":"翻纸","volume":90,"pitch":100,"pan":0}]},{"code":213,"indent":0,"parameters":[1,8,true]},{"code":213,"indent":0,"parameters":[1,8,true]},{"code":205,"indent":0,"parameters":[5,{"list":[{"code":3,"indent":null},{"code":3,"indent":null},{"code":0}],"repeat":false,"skippable":false,"wait":false}]},{"code":505,"indent":0,"parameters":[{"code":3,"indent":null}]},{"code":505,"indent":0,"parameters":[{"code":3,"indent":null}]},{"code":101,"indent":0,"parameters":["前台人员",6,0,2]},{"code":401,"indent":0,"parameters":["【面试官】"]},{"code":401,"indent":0,"parameters":["很遗憾...不合格！"]},{"code":250,"indent":0,"parameters":[{"name":"1惊讶","volume":90,"pitch":100,"pan":0}]},{"code":213,"indent":0,"parameters":[4,1,true]},{"code":213,"indent":0,"parameters":[4,8,false]},{"code":101,"indent":0,"parameters":["",0,0,2]},{"code":401,"indent":0,"parameters":["【女生】"]},{"code":401,"indent":0,"parameters":["可是...我已经准备了很久！"]},{"code":230,"indent":0,"parameters":[30]},{"code":101,"indent":0,"parameters":["前台人员",4,0,2]},{"code":401,"indent":0,"parameters":["【面试官】"]},{"code":401,"indent":0,"parameters":["很抱歉，资料里显示你有深度近视。"]},{"code":101,"indent":0,"parameters":["前台人员",5,0,2]},{"code":401,"indent":0,"parameters":["【面试官】"]},{"code":401,"indent":0,"parameters":["在小人居住的城市里，如果无法看清地面上"]},{"code":401,"indent":0,"parameters":["的小人的话，那后果可是十分严重的..."]},{"code":101,"indent":0,"parameters":["前台人员",4,0,2]},{"code":401,"indent":0,"parameters":["【面试官】"]},{"code":401,"indent":0,"parameters":["为了小人们的安全，我不能让你通过。"]},{"code":230,"indent":0,"parameters":[30]},{"code":213,"indent":0,"parameters":[4,7,false]},{"code":205,"indent":0,"parameters":[4,{"list":[{"code":1,"indent":null},{"code":1,"indent":null},{"code":2,"indent":null},{"code":2,"indent":null},{"code":1,"indent":null},{"code":1,"indent":null},{"code":1,"indent":null},{"code":39,"indent":null},{"code":37,"indent":null},{"code":3,"indent":null},{"code":3,"indent":null},{"code":3,"indent":null},{"code":0}],"repeat":false,"skippable":true,"wait":false}]},{"code":505,"indent":0,"parameters":[{"code":1,"indent":null}]},{"code":505,"indent":0,"parameters":[{"code":1,"indent":null}]},{"code":505,"indent":0,"parameters":[{"code":2,"indent":null}]},{"code":505,"indent":0,"parameters":[{"code":2,"indent":null}]},{"code":505,"indent":0,"parameters":[{"code":1,"indent":null}]},{"code":505,"indent":0,"parameters":[{"code":1,"indent":null}]},{"code":505,"indent":0,"parameters":[{"code":1,"indent":null}]},{"code":505,"indent":0,"parameters":[{"code":39,"indent":null}]},{"code":505,"indent":0,"parameters":[{"code":37,"indent":null}]},{"code":505,"indent":0,"parameters":[{"code":3,"indent":null}]},{"code":505,"indent":0,"parameters":[{"code":3,"indent":null}]},{"code":505,"indent":0,"parameters":[{"code":3,"indent":null}]},{"code":230,"indent":0,"parameters":[30]},{"code":205,"indent":0,"parameters":[-1,{"list":[{"code":3,"indent":null},{"code":3,"indent":null},{"code":0}],"repeat":false,"skippable":false,"wait":false}]},{"code":505,"indent":0,"parameters":[{"code":3,"indent":null}]},{"code":505,"indent":0,"parameters":[{"code":3,"indent":null}]},{"code":101,"indent":0,"parameters":["前台人员",5,0,2]},{"code":401,"indent":0,"parameters":["【面试官】"]},{"code":401,"indent":0,"parameters":["下一个。"]},{"code":230,"indent":0,"parameters":[30]},{"code":205,"indent":0,"parameters":[5,{"list":[{"code":3,"indent":null},{"code":4,"indent":null},{"code":0}],"repeat":false,"skippable":false,"wait":true}]},{"code":505,"indent":0,"parameters":[{"code":3,"indent":null}]},{"code":505,"indent":0,"parameters":[{"code":4,"indent":null}]},{"code":250,"indent":0,"parameters":[{"name":"翻纸","volume":90,"pitch":100,"pan":0}]},{"code":213,"indent":0,"parameters":[1,8,true]},{"code":230,"indent":0,"parameters":[30]},{"code":101,"indent":0,"parameters":["前台人员",4,0,2]},{"code":401,"indent":0,"parameters":["【面试官】"]},{"code":401,"indent":0,"parameters":["不合格。"]},{"code":250,"indent":0,"parameters":[{"name":"1惊讶","volume":90,"pitch":100,"pan":0}]},{"code":213,"indent":0,"parameters":[5,1,true]},{"code":101,"indent":0,"parameters":["前台人员",6,0,2]},{"code":401,"indent":0,"parameters":["【面试官】"]},{"code":401,"indent":0,"parameters":["你的推荐信是伪造的吧，来自小人协会的"]},{"code":401,"indent":0,"parameters":["推荐信都会有它们专属的公章。"]},{"code":101,"indent":0,"parameters":["前台人员",4,0,2]},{"code":401,"indent":0,"parameters":["【面试官】"]},{"code":401,"indent":0,"parameters":["请回吧。"]},{"code":230,"indent":0,"parameters":[30]},{"code":213,"indent":0,"parameters":[5,7,false]},{"code":205,"indent":0,"parameters":[5,{"list":[{"code":1,"indent":null},{"code":1,"indent":null},{"code":2,"indent":null},{"code":2,"indent":null},{"code":1,"indent":null},{"code":1,"indent":null},{"code":1,"indent":null},{"code":39,"indent":null},{"code":37,"indent":null},{"code":3,"indent":null},{"code":3,"indent":null},{"code":3,"indent":null},{"code":0}],"repeat":false,"skippable":true,"wait":false}]},{"code":505,"indent":0,"parameters":[{"code":1,"indent":null}]},{"code":505,"indent":0,"parameters":[{"code":1,"indent":null}]},{"code":505,"indent":0,"parameters":[{"code":2,"indent":null}]},{"code":505,"indent":0,"parameters":[{"code":2,"indent":null}]},{"code":505,"indent":0,"parameters":[{"code":1,"indent":null}]},{"code":505,"indent":0,"parameters":[{"code":1,"indent":null}]},{"code":505,"indent":0,"parameters":[{"code":1,"indent":null}]},{"code":505,"indent":0,"parameters":[{"code":39,"indent":null}]},{"code":505,"indent":0,"parameters":[{"code":37,"indent":null}]},{"code":505,"indent":0,"parameters":[{"code":3,"indent":null}]},{"code":505,"indent":0,"parameters":[{"code":3,"indent":null}]},{"code":505,"indent":0,"parameters":[{"code":3,"indent":null}]},{"code":230,"indent":0,"parameters":[80]},{"code":250,"indent":0,"parameters":[{"name":"1惊讶","volume":90,"pitch":100,"pan":0}]},{"code":213,"indent":0,"parameters":[-1,1,true]},{"code":356,"indent":0,"parameters":["shake_effects_follower_id : 0 : 200"]},{"code":230,"indent":0,"parameters":[80]},{"code":101,"indent":0,"parameters":["小超萌",5,0,2]},{"code":401,"indent":0,"parameters":["【小超萌】"]},{"code":401,"indent":0,"parameters":["不会吧....连一个通过的人都没有吗..."]},{"code":230,"indent":0,"parameters":[30]},{"code":101,"indent":0,"parameters":["前台人员",5,0,2]},{"code":401,"indent":0,"parameters":["【面试官】"]},{"code":401,"indent":0,"parameters":["下一位。"]},{"code":230,"indent":0,"parameters":[70]},{"code":213,"indent":0,"parameters":[1,8,true]},{"code":101,"indent":0,"parameters":["前台人员",4,0,2]},{"code":401,"indent":0,"parameters":["【面试官】"]},{"code":401,"indent":0,"parameters":["下一位？"]},{"code":250,"indent":0,"parameters":[{"name":"1惊讶","volume":90,"pitch":100,"pan":0}]},{"code":205,"indent":0,"parameters":[-1,{"list":[{"code":14,"parameters":[0,0],"indent":null},{"code":0}],"repeat":false,"skippable":false,"wait":true}]},{"code":505,"indent":0,"parameters":[{"code":14,"parameters":[0,0],"indent":null}]},{"code":213,"indent":0,"parameters":[-1,1,true]},{"code":250,"indent":0,"parameters":[{"name":"1害羞","volume":75,"pitch":100,"pan":0}]},{"code":205,"indent":0,"parameters":[-1,{"list":[{"code":3,"indent":null},{"code":3,"indent":null},{"code":3,"indent":null},{"code":4,"indent":null},{"code":0}],"repeat":false,"skippable":false,"wait":true}]},{"code":505,"indent":0,"parameters":[{"code":3,"indent":null}]},{"code":505,"indent":0,"parameters":[{"code":3,"indent":null}]},{"code":505,"indent":0,"parameters":[{"code":3,"indent":null}]},{"code":505,"indent":0,"parameters":[{"code":4,"indent":null}]},{"code":230,"indent":0,"parameters":[60]},{"code":213,"indent":0,"parameters":[1,8,true]},{"code":101,"indent":0,"parameters":["前台人员",7,0,2]},{"code":401,"indent":0,"parameters":["【面试官】"]},{"code":401,"indent":0,"parameters":["....."]},{"code":205,"indent":0,"parameters":[1,{"list":[{"code":3,"indent":null},{"code":0}],"repeat":false,"skippable":false,"wait":true}]},{"code":505,"indent":0,"parameters":[{"code":3,"indent":null}]},{"code":213,"indent":0,"parameters":[1,8,false]},{"code":245,"indent":0,"parameters":[{"name":"键盘","volume":65,"pitch":100,"pan":0}]},{"code":230,"indent":0,"parameters":[150]},{"code":250,"indent":0,"parameters":[{"name":"1咽口水","volume":90,"pitch":100,"pan":0}]},{"code":101,"indent":0,"parameters":["小超萌2",4,0,2]},{"code":401,"indent":0,"parameters":["【小超萌】"]},{"code":401,"indent":0,"parameters":["好紧张..."]},{"code":230,"indent":0,"parameters":[100]},{"code":246,"indent":0,"parameters":[1]},{"code":230,"indent":0,"parameters":[60]},{"code":205,"indent":0,"parameters":[1,{"list":[{"code":2,"indent":null},{"code":16,"indent":null},{"code":0}],"repeat":false,"skippable":false,"wait":true}]},{"code":505,"indent":0,"parameters":[{"code":2,"indent":null}]},{"code":505,"indent":0,"parameters":[{"code":16,"indent":null}]},{"code":101,"indent":0,"parameters":["前台人员",4,0,2]},{"code":401,"indent":0,"parameters":["【面试官】"]},{"code":401,"indent":0,"parameters":["哦？你居然是佩露佩露推荐的女孩。"]},{"code":101,"indent":0,"parameters":["前台人员",7,0,2]},{"code":401,"indent":0,"parameters":["【面试官】"]},{"code":401,"indent":0,"parameters":["完全看不出特殊之处啊..."]},{"code":101,"indent":0,"parameters":["前台人员",6,0,2]},{"code":401,"indent":0,"parameters":["【面试官】"]},{"code":401,"indent":0,"parameters":["不过推荐信环节就姑且跳过好了。"]},{"code":230,"indent":0,"parameters":[60]},{"code":101,"indent":0,"parameters":["前台人员",4,0,2]},{"code":401,"indent":0,"parameters":["【面试官】"]},{"code":401,"indent":0,"parameters":["名字？"]},{"code":230,"indent":0,"parameters":[60]},{"code":213,"indent":0,"parameters":[1,8,true]},{"code":101,"indent":0,"parameters":["前台人员",4,0,2]},{"code":401,"indent":0,"parameters":["【面试官】"]},{"code":401,"indent":0,"parameters":["你的名字是？"]},{"code":250,"indent":0,"parameters":[{"name":"1惊讶","volume":90,"pitch":100,"pan":0}]},{"code":213,"indent":0,"parameters":[-1,1,false]},{"code":101,"indent":0,"parameters":["小超萌5",1,0,2]},{"code":401,"indent":0,"parameters":["【小超萌】"]},{"code":401,"indent":0,"parameters":["啊！....李超萌！"]},{"code":230,"indent":0,"parameters":[60]},{"code":101,"indent":0,"parameters":["前台人员",5,0,2]},{"code":401,"indent":0,"parameters":["【面试官】"]},{"code":401,"indent":0,"parameters":["年龄。"]},{"code":230,"indent":0,"parameters":[30]},{"code":101,"indent":0,"parameters":["小超萌2",2,0,2]},{"code":401,"indent":0,"parameters":["【小超萌】"]},{"code":401,"indent":0,"parameters":["十...十八岁！"]},{"code":230,"indent":0,"parameters":[60]},{"code":101,"indent":0,"parameters":["前台人员",5,0,2]},{"code":401,"indent":0,"parameters":["【面试官】"]},{"code":401,"indent":0,"parameters":["性别。"]},{"code":230,"indent":0,"parameters":[60]},{"code":213,"indent":0,"parameters":[-1,2,true]},{"code":101,"indent":0,"parameters":["小超萌5",0,0,2]},{"code":401,"indent":0,"parameters":["【小超萌】"]},{"code":401,"indent":0,"parameters":["诶？"]},{"code":102,"indent":0,"parameters":[["女生","男生"],1,0,2,0]},{"code":402,"indent":0,"parameters":[0,"女生"]},{"code":101,"indent":1,"parameters":["小超萌",5,0,2]},{"code":401,"indent":1,"parameters":["【小超萌】"]},{"code":401,"indent":1,"parameters":["我当然是女生啊。"]},{"code":230,"indent":1,"parameters":[30]},{"code":101,"indent":1,"parameters":["前台人员",7,0,2]},{"code":401,"indent":1,"parameters":["【面试官】"]},{"code":401,"indent":1,"parameters":["嗯。"]},{"code":101,"indent":1,"parameters":["前台人员",7,0,2]},{"code":401,"indent":1,"parameters":["【面试官】"]},{"code":401,"indent":1,"parameters":["接下来是...你的学校以及家庭住址。"]},{"code":101,"indent":1,"parameters":["前台人员",4,0,2]},{"code":401,"indent":1,"parameters":["【面试官】"]},{"code":401,"indent":1,"parameters":["对了，把你的户口和身份证件也给我。"]},{"code":230,"indent":1,"parameters":[30]},{"code":101,"indent":1,"parameters":["小超萌2",2,0,2]},{"code":401,"indent":1,"parameters":["【小超萌】"]},{"code":401,"indent":1,"parameters":["啊！好的。"]},{"code":230,"indent":1,"parameters":[30]},{"code":205,"indent":1,"parameters":[1,{"list":[{"code":3,"indent":null},{"code":0}],"repeat":false,"skippable":false,"wait":true}]},{"code":505,"indent":1,"parameters":[{"code":3,"indent":null}]},{"code":213,"indent":1,"parameters":[1,8,false]},{"code":245,"indent":1,"parameters":[{"name":"键盘","volume":65,"pitch":100,"pan":0}]},{"code":230,"indent":1,"parameters":[120]},{"code":213,"indent":1,"parameters":[-1,8,true]},{"code":230,"indent":1,"parameters":[30]},{"code":101,"indent":1,"parameters":["小超萌2",5,0,2]},{"code":401,"indent":1,"parameters":["【小超萌】"]},{"code":401,"indent":1,"parameters":["那个....我只是来打个零工而已，"]},{"code":401,"indent":1,"parameters":["为什么需要这么严格的审核..."]},{"code":230,"indent":1,"parameters":[60]},{"code":213,"indent":1,"parameters":[1,8,true]},{"code":101,"indent":1,"parameters":["前台人员",6,0,2]},{"code":401,"indent":1,"parameters":["【面试官】"]},{"code":401,"indent":1,"parameters":["明明是佩露佩露介绍过来的，她居然没有"]},{"code":401,"indent":1,"parameters":["跟你说吗..."]},{"code":246,"indent":1,"parameters":[1]},{"code":205,"indent":1,"parameters":[1,{"list":[{"code":2,"indent":null},{"code":16,"indent":null},{"code":0}],"repeat":false,"skippable":false,"wait":true}]},{"code":505,"indent":1,"parameters":[{"code":2,"indent":null}]},{"code":505,"indent":1,"parameters":[{"code":16,"indent":null}]},{"code":230,"indent":1,"parameters":[30]},{"code":101,"indent":1,"parameters":["前台人员",4,0,2]},{"code":401,"indent":1,"parameters":["【面试官】"]},{"code":401,"indent":1,"parameters":["【巨大少女】是一份很特殊的职业，相当于"]},{"code":401,"indent":1,"parameters":["以我们市政厅的身份向小人的国度外派"]},{"code":401,"indent":1,"parameters":["工作人员。"]},{"code":101,"indent":1,"parameters":["前台人员",4,0,2]},{"code":401,"indent":1,"parameters":["【面试官】"]},{"code":401,"indent":1,"parameters":["【巨大少女资格证】就相当于我们给你们"]},{"code":401,"indent":1,"parameters":["派发的往返劳务签证。"]},{"code":230,"indent":1,"parameters":[30]},{"code":250,"indent":1,"parameters":[{"name":"1惊讶","volume":90,"pitch":100,"pan":0}]},{"code":213,"indent":1,"parameters":[-1,1,true]},{"code":101,"indent":1,"parameters":["小超萌",5,0,2]},{"code":401,"indent":1,"parameters":["【小超萌】"]},{"code":401,"indent":1,"parameters":["什么！？....只是进入小人们的城市而已，"]},{"code":401,"indent":1,"parameters":["居然相当于出国吗？"]},{"code":230,"indent":1,"parameters":[30]},{"code":101,"indent":1,"parameters":["前台人员",4,0,2]},{"code":401,"indent":1,"parameters":["【面试官】"]},{"code":401,"indent":1,"parameters":["居然连这种常识都不知道吗..."]},{"code":401,"indent":1,"parameters":["看来你对小人的了解真的很稀缺呢。"]},{"code":101,"indent":1,"parameters":["前台人员",4,0,2]},{"code":401,"indent":1,"parameters":["【面试官】"]},{"code":401,"indent":1,"parameters":["【阿兹菲尔洛】和很多大型的小人领地一样，"]},{"code":401,"indent":1,"parameters":["都属于我们人类官方承认的国家。"]},{"code":101,"indent":1,"parameters":["前台人员",4,0,2]},{"code":401,"indent":1,"parameters":["【面试官】"]},{"code":401,"indent":1,"parameters":["只要你踏进去一步，在法律意义上就属于"]},{"code":401,"indent":1,"parameters":["“出国”，所以当然需要劳务签证。"]},{"code":230,"indent":1,"parameters":[30]},{"code":101,"indent":1,"parameters":["小超萌",4,0,2]},{"code":401,"indent":1,"parameters":["【小超萌】"]},{"code":401,"indent":1,"parameters":["唔....我长这么大还从来没有出过国呢。"]},{"code":101,"indent":1,"parameters":["小超萌2",1,0,2]},{"code":401,"indent":1,"parameters":["【小超萌】"]},{"code":401,"indent":1,"parameters":["第一次出国居然会是这种情况下..."]},{"code":230,"indent":1,"parameters":[30]},{"code":250,"indent":1,"parameters":[{"name":"翻纸","volume":90,"pitch":100,"pan":0}]},{"code":231,"indent":1,"parameters":[1,"11",0,0,0,0,100,100,255,0]},{"code":230,"indent":1,"parameters":[60]},{"code":250,"indent":1,"parameters":[{"name":"Blow2","volume":90,"pitch":100,"pan":0}]},{"code":231,"indent":1,"parameters":[2,"12",0,0,0,0,100,100,255,0]},{"code":230,"indent":1,"parameters":[60]},{"code":101,"indent":1,"parameters":["前台人员",4,0,2]},{"code":401,"indent":1,"parameters":["【面试官】"]},{"code":401,"indent":1,"parameters":["好了，这是你的申请单，我已经帮你盖好"]},{"code":401,"indent":1,"parameters":["章了。"]},{"code":101,"indent":1,"parameters":["前台人员",4,0,2]},{"code":401,"indent":1,"parameters":["【面试官】"]},{"code":401,"indent":1,"parameters":["接下来你请你通过这扇门，进入小人大使馆"]},{"code":401,"indent":1,"parameters":["完成下一步的审核。"]},{"code":230,"indent":1,"parameters":[60]},{"code":101,"indent":1,"parameters":["小超萌",5,0,2]},{"code":401,"indent":1,"parameters":["【小超萌】"]},{"code":401,"indent":1,"parameters":["好的！谢谢你！"]},{"code":250,"indent":1,"parameters":[{"name":"翻纸","volume":90,"pitch":100,"pan":0}]},{"code":235,"indent":1,"parameters":[1]},{"code":235,"indent":1,"parameters":[2]},{"code":230,"indent":1,"parameters":[60]},{"code":205,"indent":1,"parameters":[-1,{"list":[{"code":2,"indent":null},{"code":2,"indent":null},{"code":2,"indent":null},{"code":0}],"repeat":false,"skippable":false,"wait":true}]},{"code":505,"indent":1,"parameters":[{"code":2,"indent":null}]},{"code":505,"indent":1,"parameters":[{"code":2,"indent":null}]},{"code":505,"indent":1,"parameters":[{"code":2,"indent":null}]},{"code":101,"indent":1,"parameters":["小超萌2",3,0,2]},{"code":401,"indent":1,"parameters":["【小超萌】"]},{"code":401,"indent":1,"parameters":["唔...比我想象中还要更加复杂啊。"]},{"code":123,"indent":1,"parameters":["A",0]},{"code":250,"indent":1,"parameters":[{"name":"button2","volume":90,"pitch":100,"pan":0}]},{"code":355,"indent":1,"parameters":["Galv.QUEST.activate(5); "]},{"code":0,"indent":1,"parameters":[]},{"code":402,"indent":0,"parameters":[1,"男生"]},{"code":242,"indent":1,"parameters":[1]},{"code":101,"indent":1,"parameters":["前台人员",4,0,2]},{"code":401,"indent":1,"parameters":["【面试官】"]},{"code":401,"indent":1,"parameters":["哦？"]},{"code":101,"indent":1,"parameters":["前台人员",4,0,2]},{"code":401,"indent":1,"parameters":["【面试官】"]},{"code":401,"indent":1,"parameters":["没想到还有这么可爱的男孩子..."]},{"code":101,"indent":1,"parameters":["前台人员",7,0,2]},{"code":401,"indent":1,"parameters":["【面试官】"]},{"code":401,"indent":1,"parameters":["不过很抱歉，目前巨大少女只有女生才"]},{"code":401,"indent":1,"parameters":["能够报名哦。"]},{"code":101,"indent":1,"parameters":["前台人员",5,0,2]},{"code":401,"indent":1,"parameters":["【面试官】"]},{"code":401,"indent":1,"parameters":["请回吧。"]},{"code":230,"indent":1,"parameters":[60]},{"code":101,"indent":1,"parameters":["小超萌",6,0,2]},{"code":401,"indent":1,"parameters":["【小超萌】"]},{"code":401,"indent":1,"parameters":["啊！等一等！我是乱说的！！"]},{"code":353,"indent":1,"parameters":[]},{"code":0,"indent":1,"parameters":[]},{"code":404,"indent":0,"parameters":[]},{"code":0,"indent":0,"parameters":[]}],"moveFrequency":3,"moveRoute":{"list":[{"code":0,"parameters":[]}],"repeat":true,"skippable":false,"wait":false},"moveSpeed":3,"moveType":0,"priorityType":0,"stepAnime":false,"through":false,"trigger":3,"walkAnime":true},{"conditions":{"actorId":1,"actorValid":false,"itemId":1,"itemValid":false,"selfSwitchCh":"A","selfSwitchValid":true,"switch1Id":1,"switch1Valid":false,"switch2Id":1,"switch2Valid":false,"variableId":1,"variableValid":false,"variableValue":0},"directionFix":false,"image":{"characterIndex":0,"characterName":"","direction":2,"pattern":0,"tileId":0},"list":[{"code":0,"indent":0,"parameters":[]}],"moveFrequency":3,"moveRoute":{"list":[{"code":0,"parameters":[]}],"repeat":true,"skippable":false,"wait":false},"moveSpeed":3,"moveType":0,"priorityType":0,"stepAnime":false,"through":false,"trigger":0,"walkAnime":true}],"x":15,"y":6},
{"id":4,"name":"EV004","note":"","pages":[{"conditions":{"actorId":1,"actorValid":false,"itemId":1,"itemValid":false,"selfSwitchCh":"A","selfSwitchValid":false,"switch1Id":1,"switch1Valid":false,"switch2Id":1,"switch2Valid":false,"variableId":1,"variableValid":false,"variableValue":0},"directionFix":false,"image":{"tileId":0,"characterName":"群众7","direction":6,"pattern":1,"characterIndex":6},"list":[{"code":0,"indent":0,"parameters":[]}],"moveFrequency":3,"moveRoute":{"list":[{"code":0,"parameters":[]}],"repeat":true,"skippable":false,"wait":false},"moveSpeed":3,"moveType":0,"priorityType":1,"stepAnime":false,"through":false,"trigger":0,"walkAnime":true}],"x":9,"y":8},
{"id":5,"name":"EV005","note":"","pages":[{"conditions":{"actorId":1,"actorValid":false,"itemId":1,"itemValid":false,"selfSwitchCh":"A","selfSwitchValid":false,"switch1Id":1,"switch1Valid":false,"switch2Id":1,"switch2Valid":false,"variableId":1,"variableValid":false,"variableValue":0},"directionFix":false,"image":{"tileId":0,"characterName":"路人2","direction":6,"pattern":1,"characterIndex":0},"list":[{"code":0,"indent":0,"parameters":[]}],"moveFrequency":3,"moveRoute":{"list":[{"code":0,"parameters":[]}],"repeat":true,"skippable":false,"wait":false},"moveSpeed":3,"moveType":0,"priorityType":1,"stepAnime":false,"through":false,"trigger":0,"walkAnime":true}],"x":7,"y":8},
{"id":6,"name":"EV006","note":"","pages":[{"conditions":{"actorId":1,"actorValid":false,"itemId":1,"itemValid":false,"selfSwitchCh":"A","selfSwitchValid":false,"switch1Id":1,"switch1Valid":false,"switch2Id":1,"switch2Valid":false,"variableId":1,"variableValid":false,"variableValue":0},"directionFix":false,"image":{"characterIndex":0,"characterName":"","direction":2,"pattern":0,"tileId":0},"list":[{"code":250,"indent":0,"parameters":[{"name":"button01a","volume":90,"pitch":100,"pan":0}]},{"code":230,"indent":0,"parameters":[60]},{"code":250,"indent":0,"parameters":[{"name":"Open2","volume":90,"pitch":100,"pan":0}]},{"code":230,"indent":0,"parameters":[60]},{"code":201,"indent":0,"parameters":[0,12,11,35,8,0]},{"code":0,"indent":0,"parameters":[]}],"moveFrequency":3,"moveRoute":{"list":[{"code":0,"parameters":[]}],"repeat":true,"skippable":false,"wait":false},"moveSpeed":3,"moveType":0,"priorityType":1,"stepAnime":false,"through":false,"trigger":0,"walkAnime":true}],"x":5,"y":3},
{"id":7,"name":"EV007","note":"","pages":[{"conditions":{"actorId":1,"actorValid":false,"itemId":1,"itemValid":false,"selfSwitchCh":"A","selfSwitchValid":false,"switch1Id":1,"switch1Valid":false,"switch2Id":1,"switch2Valid":false,"variableId":1,"variableValid":false,"variableValue":0},"directionFix":false,"image":{"characterIndex":0,"characterName":"","direction":2,"pattern":0,"tileId":0},"list":[{"code":101,"indent":0,"parameters":["小超萌",4,0,2]},{"code":401,"indent":0,"parameters":["【小超萌】"]},{"code":401,"indent":0,"parameters":["现在还不可以出去..."]},{"code":0,"indent":0,"parameters":[]}],"moveFrequency":3,"moveRoute":{"list":[{"code":0,"parameters":[]}],"repeat":true,"skippable":false,"wait":false},"moveSpeed":3,"moveType":0,"priorityType":0,"stepAnime":false,"through":false,"trigger":0,"walkAnime":true}],"x":8,"y":12},
{"id":8,"name":"EV008","note":"","pages":[{"conditions":{"actorId":1,"actorValid":false,"itemId":1,"itemValid":false,"selfSwitchCh":"A","selfSwitchValid":false,"switch1Id":1,"switch1Valid":false,"switch2Id":1,"switch2Valid":false,"variableId":1,"variableValid":false,"variableValue":0},"directionFix":false,"image":{"characterIndex":0,"characterName":"","direction":2,"pattern":0,"tileId":0},"list":[{"code":101,"indent":0,"parameters":["小超萌2",2,0,2]},{"code":401,"indent":0,"parameters":["【小超萌】"]},{"code":401,"indent":0,"parameters":["这里可以查询到巨大少女的信息。"]},{"code":0,"indent":0,"parameters":[]}],"moveFrequency":3,"moveRoute":{"list":[{"code":0,"parameters":[]}],"repeat":true,"skippable":false,"wait":false},"moveSpeed":3,"moveType":0,"priorityType":1,"stepAnime":false,"through":false,"trigger":0,"walkAnime":true}],"x":4,"y":8},
{"id":9,"name":"EV009","note":"","pages":[{"conditions":{"actorId":1,"actorValid":false,"itemId":1,"itemValid":false,"selfSwitchCh":"A","selfSwitchValid":false,"switch1Id":1,"switch1Valid":false,"switch2Id":1,"switch2Valid":false,"variableId":1,"variableValid":false,"variableValue":0},"directionFix":false,"image":{"tileId":0,"characterName":"少女4","direction":2,"pattern":1,"characterIndex":4},"list":[{"code":101,"indent":0,"parameters":["少女2",5,0,2]},{"code":401,"indent":0,"parameters":["【工作人员】"]},{"code":401,"indent":0,"parameters":["进入这扇门之后就是小人管辖的区域了，"]},{"code":401,"indent":0,"parameters":["记住不要乱碰东西，也不要做多余的事。"]},{"code":0,"indent":0,"parameters":[]}],"moveFrequency":3,"moveRoute":{"list":[{"code":0,"parameters":[]}],"repeat":true,"skippable":false,"wait":false},"moveSpeed":3,"moveType":0,"priorityType":1,"stepAnime":false,"through":false,"trigger":0,"walkAnime":true}],"x":7,"y":4},
{"id":10,"name":"EV010","note":"","pages":[{"conditions":{"actorId":1,"actorValid":false,"itemId":1,"itemValid":false,"selfSwitchCh":"A","selfSwitchValid":false,"switch1Id":1,"switch1Valid":false,"switch2Id":1,"switch2Valid":false,"variableId":1,"variableValid":false,"variableValue":0},"directionFix":false,"image":{"characterIndex":0,"characterName":"","direction":2,"pattern":0,"tileId":0},"list":[{"code":101,"indent":0,"parameters":["小超萌2",1,0,2]},{"code":401,"indent":0,"parameters":["【小超萌】"]},{"code":401,"indent":0,"parameters":["不可以偷走别人的植物。"]},{"code":0,"indent":0,"parameters":[]}],"moveFrequency":3,"moveRoute":{"list":[{"code":0,"parameters":[]}],"repeat":true,"skippable":false,"wait":false},"moveSpeed":3,"moveType":0,"priorityType":1,"stepAnime":false,"through":false,"trigger":0,"walkAnime":true}],"x":8,"y":6},
{"id":11,"name":"EV011","note":"","pages":[{"conditions":{"actorId":1,"actorValid":false,"itemId":1,"itemValid":false,"selfSwitchCh":"A","selfSwitchValid":false,"switch1Id":1,"switch1Valid":false,"switch2Id":1,"switch2Valid":false,"variableId":1,"variableValid":false,"variableValue":0},"directionFix":false,"image":{"characterIndex":0,"characterName":"","direction":2,"pattern":0,"tileId":0},"list":[{"code":101,"indent":0,"parameters":["小超萌2",3,0,2]},{"code":401,"indent":0,"parameters":["【小超萌】"]},{"code":401,"indent":0,"parameters":["这是什么？"]},{"code":0,"indent":0,"parameters":[]}],"moveFrequency":3,"moveRoute":{"list":[{"code":0,"parameters":[]}],"repeat":true,"skippable":false,"wait":false},"moveSpeed":3,"moveType":0,"priorityType":1,"stepAnime":false,"through":false,"trigger":0,"walkAnime":true}],"x":4,"y":9}
]
}