{
"autoplayBgm":false,"autoplayBgs":false,"battleback1Name":"","battleback2Name":"","bgm":{"name":"","pan":0,"pitch":100,"volume":90},"bgs":{"name":"","pan":0,"pitch":100,"volume":90},"disableDashing":false,"displayName":"","encounterList":[],"encounterStep":30,"height":13,"note":"<ulds> {\n\"name\": \"8\",\n\"x\": \"this.rx(1)\",\n\"y\": \"this.ry(1)\",\n\"z\": \"-3\",\n\"loop\": true\n} </ulds>","parallaxLoopX":false,"parallaxLoopY":false,"parallaxName":"","parallaxShow":true,"parallaxSx":0,"parallaxSy":0,"scrollType":0,"specifyBattleback":false,"tilesetId":18,"width":17,
"data":[7091,7090,7094,0,0,0,0,0,0,0,0,0,0,0,7091,7090,7094,7089,7088,7092,0,0,0,0,0,0,0,0,0,0,0,7089,7088,7092,7089,7088,7092,0,0,0,0,0,0,0,0,0,0,0,7089,7088,7092,7089,7088,7092,0,0,0,0,0,0,0,0,0,0,0,7089,7088,7092,7089,7088,7092,0,0,0,0,0,0,0,0,0,0,0,7089,7088,7092,7089,7088,7092,0,0,0,0,0,0,0,0,0,0,0,7089,7088,7092,7089,7088,7092,0,0,0,0,0,0,0,0,0,0,0,7089,7088,7092,7097,7096,7100,0,0,0,0,0,0,0,0,0,0,0,7097,7096,7100,1583,1583,1583,1583,1583,1583,1583,1583,1583,1583,1583,1583,1583,1583,1583,1583,1583,1583,1583,1583,1583,1583,1583,1583,1583,1583,1583,1583,1583,1583,1583,1583,1583,1583,1583,1583,1583,1583,1583,1583,1583,1583,1583,1583,1583,1583,1583,1583,1583,1583,1583,1583,1583,1583,1583,1583,1583,1583,1583,1583,1583,1583,1583,1583,1583,1583,1583,1583,1583,1583,1583,1583,1583,1583,1583,1583,1583,1583,1583,1583,1583,1583,1583,1583,1583,0,0,0,0,0,0,0,0,0,0,0,0,0,0,0,0,0,0,0,0,0,0,0,0,0,0,0,0,0,0,0,0,0,0,0,0,0,0,0,0,0,0,0,0,0,0,0,0,0,0,0,0,0,0,0,0,0,0,0,0,0,0,0,0,0,0,0,0,0,0,0,0,0,0,0,0,0,0,0,0,0,0,0,0,0,0,0,0,0,0,0,0,0,0,0,0,0,0,0,0,0,0,0,0,0,0,0,0,0,0,0,0,0,0,0,0,0,0,0,0,0,0,0,0,0,0,0,0,0,0,0,0,0,0,0,0,0,0,0,0,0,0,0,0,0,0,0,0,0,0,0,0,0,0,0,0,0,0,0,0,0,0,0,0,0,0,0,0,0,0,0,0,0,0,0,0,0,0,0,0,0,0,0,0,0,0,0,0,0,0,0,0,0,0,0,0,0,0,0,0,0,0,0,0,0,0,0,0,0,0,0,0,0,0,0,0,0,0,0,0,0,0,0,0,0,0,0,0,0,0,0,0,0,0,0,0,0,0,0,0,0,0,0,0,0,0,0,0,0,0,0,0,0,0,0,0,0,0,0,0,0,0,0,0,0,0,0,0,0,0,0,0,0,0,0,0,0,0,0,0,0,0,0,0,0,0,0,0,0,0,0,0,0,0,0,0,0,0,0,0,0,0,0,0,0,0,0,0,0,0,0,0,0,0,0,0,0,0,0,0,0,0,0,0,0,0,0,0,0,0,0,0,0,0,0,0,0,0,134,135,0,0,0,0,0,0,0,998,0,0,0,0,0,0,0,142,143,0,0,0,0,0,0,0,0,0,0,0,0,0,0,0,150,151,0,0,0,0,0,0,0,0,0,0,0,0,0,0,0,0,0,0,0,0,0,0,0,0,0,0,0,0,0,0,0,0,0,0,0,0,0,0,0,0,0,0,0,0,0,0,0,0,0,0,0,0,0,0,0,0,0,0,0,0,0,0,0,0,0,0,0,0,0,0,0,0,0,0,0,0,0,0,0,0,0,0,0,0,0,0,0,0,0,0,0,0,0,0,0,0,0,0,0,0,2,3,0,0,0,0,0,0,0,0,0,0,0,0,0,0,0,0,0,0,0,0,0,0,0,0,0,0,0,0,0,0,0,0,0,0,0,0,0,0,0,0,0,0,0,0,0,0,0,0,0,0,0,0,0,0,0,0,0,0,0,0,0,0,0,0,0,0,0,0,0,0,0,0,0,0,0,0,0,0,0,0,0,0,0,154,155,0,0,66,998,998,998,998,71,998,998,998,998,998,998,66,162,163,14,0,74,0,0,118,119,79,0,81,0,0,0,0,74,170,171,0,0,0,0,0,126,127,87,0,0,0,0,0,0,0,0,0,0,0,0,0,0,0,0,0,0,0,0,0,0,0,0,0,0,0,0,0,0,0,0,0,0,0,0,0,0,0,0,0,0,0,0,0,0,0,0,0,0,0,0,0,0,0,0,0,0,0,0,0,0,0,0,0,0,0,0,0,0,0,0,0,0,0,0,0,0,0,0,0,0,0,0,0,0,0,0,0,0,0,0,0,0,0,0,0,0,0,0,0,0,0,0,0,0,0,0,0,0,0,0,0,0,0,0,0,0,0,0,0,0,0,0,0,0,0,0,0,0,0,0,0,0,0,0,0,0,0,0,0,0,0,0,0,0,0,0,0,0,0,0,0,0,0,0,0,0,0,0,0,0,0,0,0,0,0,0,0,0,0,0,0,0,0,0,0,0,0,0,0,0,0,0,0,0,0,0,0,0,0,0,0,0,0,0,0,0,0,0,0,0,0,0,0,0,0,0,0,0,0,0,0,0,0,0,0,0,0,0,0,0,0,0,0,0,0,0,0,0,0,0,0,0,0,0,0,0,0,0,0,0,0,0,0,0,0,0,0,0,0,0,0,0,0,0,0,0,0,0,0,0,0,0,0,0,0,0,0,0,0,0,0,0,0,0,0,0,0,0,0,0,0,0,0,0,0,0,0,0,0,0,0,0,0,0,0,0,0,0,0,0,0,0,0,0,0,0,0,0,0,0,0,0,0,0,0,0,0,0,0,0,0,0,0,0,0,0,0,0,0,0,0,0,0,0,0,0,0,0,0,0,0,0,0,0,0,0,0,0,0,0,0,0,0,0,0,0,0,0,0,0,0,0,0,0,0,0,0,0,0,0,0,0,0,0,0,0,0,0,0,0,0,0,0,0,0,0,0,0,0,0,0,0,0,0,0,0,0,0,0,0,0,0,0,0,0,0,0,0,0,0,0,0,0,0,0,0,0,0,0,0,0,0,0,0,0,0,0,0,0,0,0,0,0,0,0,0,0,0,0,0,0,0,0,0,0,0,0,0,0,0,0,0,0,0,0,0,0,0,0,0,0,0,0,0,0,0,0,0,0,0,0,0,0,0,0,0,0,0,0,0,0,0,0,0,0,0,0,0,0,0,0,0,0,0,0,0,0,0,0,0],
"events":[
null,
{"id":1,"name":"管家","note":"","pages":[{"conditions":{"actorId":1,"actorValid":false,"itemId":1,"itemValid":false,"selfSwitchCh":"A","selfSwitchValid":false,"switch1Id":1,"switch1Valid":false,"switch2Id":1,"switch2Valid":false,"variableId":1,"variableValid":false,"variableValue":0},"directionFix":false,"image":{"tileId":0,"characterName":"路人10","direction":8,"pattern":1,"characterIndex":5},"list":[{"code":0,"indent":0,"parameters":[]}],"moveFrequency":3,"moveRoute":{"list":[{"code":0,"parameters":[]}],"repeat":true,"skippable":false,"wait":false},"moveSpeed":3,"moveType":0,"priorityType":1,"stepAnime":false,"through":false,"trigger":0,"walkAnime":true}],"x":10,"y":8},
{"id":2,"name":"EV002","note":"","pages":[{"conditions":{"actorId":1,"actorValid":false,"itemId":1,"itemValid":false,"selfSwitchCh":"A","selfSwitchValid":false,"switch1Id":1,"switch1Valid":false,"switch2Id":1,"switch2Valid":false,"variableId":1,"variableValid":false,"variableValue":0},"directionFix":false,"image":{"tileId":0,"characterName":"黑衣人","direction":2,"pattern":1,"characterIndex":1},"list":[{"code":0,"indent":0,"parameters":[]}],"moveFrequency":3,"moveRoute":{"list":[{"code":0,"parameters":[]}],"repeat":true,"skippable":false,"wait":false},"moveSpeed":3,"moveType":0,"priorityType":1,"stepAnime":false,"through":false,"trigger":0,"walkAnime":true}],"x":1,"y":9},
{"id":3,"name":"EV003","note":"","pages":[{"conditions":{"actorId":1,"actorValid":false,"itemId":1,"itemValid":false,"selfSwitchCh":"A","selfSwitchValid":false,"switch1Id":1,"switch1Valid":false,"switch2Id":1,"switch2Valid":false,"variableId":1,"variableValid":false,"variableValue":0},"directionFix":false,"image":{"tileId":0,"characterName":"黑衣人","direction":2,"pattern":1,"characterIndex":5},"list":[{"code":0,"indent":0,"parameters":[]}],"moveFrequency":3,"moveRoute":{"list":[{"code":0,"parameters":[]}],"repeat":true,"skippable":false,"wait":false},"moveSpeed":3,"moveType":0,"priorityType":1,"stepAnime":false,"through":false,"trigger":0,"walkAnime":true}],"x":15,"y":9},
{"id":4,"name":"EV004","note":"","pages":[{"conditions":{"actorId":1,"actorValid":false,"itemId":1,"itemValid":false,"selfSwitchCh":"A","selfSwitchValid":false,"switch1Id":1,"switch1Valid":false,"switch2Id":1,"switch2Valid":false,"variableId":1,"variableValid":false,"variableValue":0},"directionFix":false,"image":{"characterIndex":0,"characterName":"","direction":2,"pattern":0,"tileId":0},"list":[{"code":222,"indent":0,"parameters":[]},{"code":230,"indent":0,"parameters":[60]},{"code":213,"indent":0,"parameters":[1,3,true]},{"code":101,"indent":0,"parameters":["小人大使",1,0,2]},{"code":401,"indent":0,"parameters":["【小人工作人员】"]},{"code":401,"indent":0,"parameters":["超萌小姐你好，我是小人大使馆的面试人员。"]},{"code":101,"indent":0,"parameters":["小人大使",3,0,2]},{"code":401,"indent":0,"parameters":["【小人工作人员】"]},{"code":401,"indent":0,"parameters":["巨人检方已经把你的申请信息发给我们了。"]},{"code":101,"indent":0,"parameters":["小人大使",1,0,2]},{"code":401,"indent":0,"parameters":["【小人工作人员】"]},{"code":401,"indent":0,"parameters":["让我来核实一下先。"]},{"code":205,"indent":0,"parameters":[1,{"list":[{"code":1,"indent":null},{"code":2,"indent":null},{"code":2,"indent":null},{"code":4,"indent":null},{"code":17,"indent":null},{"code":0}],"repeat":false,"skippable":false,"wait":true}]},{"code":505,"indent":0,"parameters":[{"code":1,"indent":null}]},{"code":505,"indent":0,"parameters":[{"code":2,"indent":null}]},{"code":505,"indent":0,"parameters":[{"code":2,"indent":null}]},{"code":505,"indent":0,"parameters":[{"code":4,"indent":null}]},{"code":505,"indent":0,"parameters":[{"code":17,"indent":null}]},{"code":230,"indent":0,"parameters":[30]},{"code":245,"indent":0,"parameters":[{"name":"键盘","volume":70,"pitch":100,"pan":0}]},{"code":213,"indent":0,"parameters":[1,8,false]},{"code":230,"indent":0,"parameters":[120]},{"code":101,"indent":0,"parameters":["小超萌2",1,0,2]},{"code":401,"indent":0,"parameters":["【小超萌】"]},{"code":401,"indent":0,"parameters":["....."]},{"code":230,"indent":0,"parameters":[60]},{"code":101,"indent":0,"parameters":["小超萌2",3,1,2]},{"code":401,"indent":0,"parameters":["【小超萌】"]},{"code":401,"indent":0,"parameters":["这就是小人吗，好...好小！"]},{"code":101,"indent":0,"parameters":["小超萌2",3,1,2]},{"code":401,"indent":0,"parameters":["【小超萌】"]},{"code":401,"indent":0,"parameters":["我还是第一次在这么近的距离观察小人..."]},{"code":101,"indent":0,"parameters":["小超萌2",1,1,2]},{"code":401,"indent":0,"parameters":["【小超萌】"]},{"code":401,"indent":0,"parameters":["好厉害....无论是身体，脸庞，还是声音"]},{"code":401,"indent":0,"parameters":["都和我们人类一模一样，但却只有这么"]},{"code":401,"indent":0,"parameters":["小一只..."]},{"code":230,"indent":0,"parameters":[60]},{"code":250,"indent":0,"parameters":[{"name":"心臓の鼓動1","volume":90,"pitch":100,"pan":0}]},{"code":101,"indent":0,"parameters":["小超萌2",3,1,2]},{"code":401,"indent":0,"parameters":["【小超萌】"]},{"code":401,"indent":0,"parameters":["....."]},{"code":101,"indent":0,"parameters":["小超萌2",3,1,2]},{"code":401,"indent":0,"parameters":["【小超萌】"]},{"code":401,"indent":0,"parameters":["好可爱...如果可以摸一下看看的话..."]},{"code":230,"indent":0,"parameters":[60]},{"code":246,"indent":0,"parameters":[1]},{"code":213,"indent":0,"parameters":[1,8,true]},{"code":205,"indent":0,"parameters":[1,{"list":[{"code":19,"indent":null},{"code":0}],"repeat":false,"skippable":false,"wait":true}]},{"code":505,"indent":0,"parameters":[{"code":19,"indent":null}]},{"code":101,"indent":0,"parameters":["小人大使",2,0,2]},{"code":401,"indent":0,"parameters":["【小人工作人员】"]},{"code":401,"indent":0,"parameters":["那....那个，超萌小姐？"]},{"code":101,"indent":0,"parameters":["小人大使",1,0,2]},{"code":401,"indent":0,"parameters":["【小人工作人员】"]},{"code":401,"indent":0,"parameters":["请问有什么需要吗....？"]},{"code":230,"indent":0,"parameters":[30]},{"code":250,"indent":0,"parameters":[{"name":"1惊讶","volume":90,"pitch":100,"pan":0}]},{"code":101,"indent":0,"parameters":["小超萌",5,0,2]},{"code":401,"indent":0,"parameters":["【小超萌】"]},{"code":401,"indent":0,"parameters":["诶！？"]},{"code":230,"indent":0,"parameters":[30]},{"code":101,"indent":0,"parameters":["小人大使",1,0,2]},{"code":401,"indent":0,"parameters":["【小人工作人员】"]},{"code":401,"indent":0,"parameters":["因为小人与巨人的体型差距巨大，所以"]},{"code":401,"indent":0,"parameters":["你们的一举一动，甚至包括呼吸声和心跳声"]},{"code":401,"indent":0,"parameters":["我们都能听得很清楚哦。"]},{"code":230,"indent":0,"parameters":[30]},{"code":101,"indent":0,"parameters":["小超萌2",4,0,2]},{"code":401,"indent":0,"parameters":["【小超萌】"]},{"code":401,"indent":0,"parameters":["抱...抱歉！我真是太失礼了！"]},{"code":213,"indent":0,"parameters":[1,8,true]},{"code":101,"indent":0,"parameters":["小人大使",1,0,2]},{"code":401,"indent":0,"parameters":["【小人工作人员】"]},{"code":401,"indent":0,"parameters":["没有关系，紧张是正常的现象，很多初次"]},{"code":401,"indent":0,"parameters":["过来的女孩子都和你一样呢。"]},{"code":101,"indent":0,"parameters":["小人大使",3,0,2]},{"code":401,"indent":0,"parameters":["【小人工作人员】"]},{"code":401,"indent":0,"parameters":["不过请您放下心来，小人大多数都是非常"]},{"code":401,"indent":0,"parameters":["友好的，我们很好相处，请您不需要紧张。"]},{"code":230,"indent":0,"parameters":[60]},{"code":101,"indent":0,"parameters":["小超萌",1,1,2]},{"code":401,"indent":0,"parameters":["【小超萌】"]},{"code":401,"indent":0,"parameters":["好...好的，谢谢你。"]},{"code":230,"indent":0,"parameters":[60]},{"code":205,"indent":0,"parameters":[1,{"list":[{"code":17,"indent":null},{"code":0}],"repeat":false,"skippable":false,"wait":true}]},{"code":505,"indent":0,"parameters":[{"code":17,"indent":null}]},{"code":230,"indent":0,"parameters":[60]},{"code":250,"indent":0,"parameters":[{"name":"1惊讶","volume":90,"pitch":100,"pan":0}]},{"code":213,"indent":0,"parameters":[1,1,true]},{"code":101,"indent":0,"parameters":["小人大使",2,0,2]},{"code":401,"indent":0,"parameters":["【小人工作人员】"]},{"code":401,"indent":0,"parameters":["什么？超萌小姐居然是佩露佩露介绍"]},{"code":401,"indent":0,"parameters":["过来的吗？"]},{"code":205,"indent":0,"parameters":[1,{"list":[{"code":19,"indent":null},{"code":0}],"repeat":false,"skippable":false,"wait":true}]},{"code":505,"indent":0,"parameters":[{"code":19,"indent":null}]},{"code":101,"indent":0,"parameters":["小人大使",1,0,2]},{"code":401,"indent":0,"parameters":["【小人工作人员】"]},{"code":401,"indent":0,"parameters":["这样的话审查环节就直接免了吧，请跟随"]},{"code":401,"indent":0,"parameters":["指示牌直接前往下一个房间。"]},{"code":230,"indent":0,"parameters":[60]},{"code":101,"indent":0,"parameters":["小超萌2",1,0,2]},{"code":401,"indent":0,"parameters":["【小超萌】"]},{"code":401,"indent":0,"parameters":["......"]},{"code":101,"indent":0,"parameters":["小超萌2",2,0,2]},{"code":401,"indent":0,"parameters":["【小超萌】"]},{"code":401,"indent":0,"parameters":["那个...我想问一下。"]},{"code":101,"indent":0,"parameters":["小超萌2",2,0,2]},{"code":401,"indent":0,"parameters":["【小超萌】"]},{"code":401,"indent":0,"parameters":["佩露佩露在你们这里是非常有名的人物吗？"]},{"code":230,"indent":0,"parameters":[60]},{"code":101,"indent":0,"parameters":["小人大使",3,0,2]},{"code":401,"indent":0,"parameters":["【小人工作人员】"]},{"code":401,"indent":0,"parameters":["那当然了！她是最棒的巨大少女之一，"]},{"code":401,"indent":0,"parameters":["我本人也是她的铁杆粉丝噢！"]},{"code":230,"indent":0,"parameters":[60]},{"code":101,"indent":0,"parameters":["小超萌2",1,0,2]},{"code":401,"indent":0,"parameters":["【小超萌】"]},{"code":401,"indent":0,"parameters":["......"]},{"code":101,"indent":0,"parameters":["小超萌2",1,1,2]},{"code":401,"indent":0,"parameters":["【小超萌】"]},{"code":401,"indent":0,"parameters":["原来...在我不知道的地方..."]},{"code":401,"indent":0,"parameters":["佩露酱已经是这么厉害的人了啊"]},{"code":101,"indent":0,"parameters":["小超萌2",3,1,2]},{"code":401,"indent":0,"parameters":["【小超萌】"]},{"code":401,"indent":0,"parameters":["明明还是和我一样的年纪..."]},{"code":230,"indent":0,"parameters":[60]},{"code":221,"indent":0,"parameters":[]},{"code":230,"indent":0,"parameters":[90]},{"code":250,"indent":0,"parameters":[{"name":"电梯音","volume":90,"pitch":100,"pan":0}]},{"code":230,"indent":0,"parameters":[60]},{"code":250,"indent":0,"parameters":[{"name":"电梯门开","volume":90,"pitch":100,"pan":0}]},{"code":230,"indent":0,"parameters":[60]},{"code":201,"indent":0,"parameters":[0,19,3,4,2,0]},{"code":0,"indent":0,"parameters":[]}],"moveFrequency":3,"moveRoute":{"list":[{"code":0,"parameters":[]}],"repeat":true,"skippable":false,"wait":false},"moveSpeed":3,"moveType":0,"priorityType":0,"stepAnime":false,"through":false,"trigger":3,"walkAnime":true}],"x":15,"y":4}
]
}