{
"autoplayBgm":false,"autoplayBgs":false,"battleback1Name":"","battleback2Name":"","bgm":{"name":"","pan":0,"pitch":100,"volume":90},"bgs":{"name":"","pan":0,"pitch":100,"volume":90},"disableDashing":false,"displayName":"","encounterList":[],"encounterStep":30,"height":13,"note":"<ulds> {\n\"name\": \"12\",\n\"x\": \"this.rx(1)\",\n\"y\": \"this.ry(1)\",\n\"z\": \"-3\",\n\"loop\": true\n} </ulds>","parallaxLoopX":false,"parallaxLoopY":false,"parallaxName":"","parallaxShow":true,"parallaxSx":0,"parallaxSy":0,"scrollType":0,"specifyBattleback":false,"tilesetId":21,"width":17,
"data":[0,0,0,0,0,0,0,0,0,0,0,0,0,0,0,0,0,0,0,0,0,0,0,0,0,0,0,0,0,0,0,0,0,0,0,0,0,0,0,0,0,0,0,0,0,0,0,0,0,0,0,0,0,0,0,0,0,0,0,0,0,0,0,0,0,0,0,0,0,0,0,0,0,0,0,0,0,0,0,0,0,0,0,0,0,0,0,0,0,0,0,0,0,0,0,0,0,0,0,0,0,0,0,0,0,0,0,0,0,0,0,0,0,0,0,0,0,0,0,0,0,0,0,0,0,0,0,0,0,0,0,0,0,0,0,0,0,0,0,0,0,0,0,0,0,0,0,0,0,0,0,0,0,3761,3761,3761,3761,3761,3761,3761,3761,3761,3761,3761,3761,3761,3761,3761,3761,3761,2980,2980,2980,2980,2980,2980,2980,2980,2980,2980,2980,2980,2980,2980,2980,2980,2980,2960,2960,2960,2960,2960,2960,2960,2960,2960,2960,2960,2960,2960,2960,2960,2960,2960,2960,2960,2960,2960,2960,2960,2960,2960,2960,2960,2960,2960,2960,2960,2960,2960,2960,0,0,0,0,0,0,0,0,0,0,0,0,0,0,0,0,0,0,0,0,0,0,0,0,0,0,0,0,0,0,0,0,0,0,0,0,0,0,0,0,0,0,0,0,0,0,0,0,0,0,0,0,0,0,0,0,0,0,0,0,0,0,0,0,0,0,0,0,0,0,0,0,0,0,0,0,0,0,0,0,0,0,0,0,0,0,0,0,0,0,0,0,0,0,0,0,0,0,0,0,0,0,0,0,0,0,0,0,0,0,0,0,0,0,0,0,0,0,0,0,0,0,0,0,0,0,0,0,0,0,0,0,0,0,0,0,0,0,0,0,0,0,0,0,0,0,0,0,0,0,0,0,0,0,0,0,0,0,0,0,0,0,0,0,0,0,0,0,0,0,0,0,0,0,0,0,0,0,0,0,0,0,0,0,0,0,0,0,0,0,0,0,0,0,0,0,0,0,0,0,0,0,0,0,0,0,0,0,0,0,0,0,0,0,0,0,0,0,0,0,0,0,0,0,0,0,0,0,0,0,0,0,0,0,0,0,0,0,0,0,0,0,0,0,0,0,0,0,0,0,0,0,0,0,0,0,0,0,0,0,0,0,0,0,0,0,0,0,0,0,0,0,0,0,0,0,0,0,0,0,0,0,0,0,0,0,0,0,0,0,0,0,0,0,0,0,0,0,0,0,0,0,0,0,0,0,0,0,0,0,0,0,0,0,0,0,0,0,0,0,0,0,0,0,0,0,0,0,0,0,0,0,0,0,0,0,0,0,0,0,0,0,0,0,0,0,0,0,0,0,0,0,0,0,0,0,0,0,0,50,0,0,0,0,0,0,0,0,0,0,0,0,50,0,0,0,58,0,58,58,59,0,0,0,0,0,0,0,0,58,0,0,0,0,0,0,0,0,0,0,0,0,0,0,0,0,0,0,0,0,0,0,0,0,0,0,0,0,0,0,0,0,0,0,0,0,0,10,0,5,3,0,0,0,0,0,0,0,0,0,0,0,0,0,0,0,0,0,0,0,0,0,0,0,0,0,0,0,0,0,0,0,0,0,0,0,0,0,0,0,0,0,0,0,0,0,0,0,0,0,0,0,0,0,0,0,0,0,0,0,0,0,0,0,0,0,0,0,0,0,0,0,0,0,0,0,0,0,0,0,0,0,0,0,0,0,0,0,0,0,0,0,0,0,0,0,0,0,0,0,0,0,0,0,0,0,0,0,0,0,0,0,0,0,0,0,0,0,0,0,0,0,0,0,0,0,0,0,0,0,0,0,0,0,0,0,0,0,0,0,0,0,0,0,0,0,0,0,49,50,90,50,50,50,51,0,0,0,0,0,608,49,50,90,50,57,58,98,58,613,614,615,0,0,0,0,0,616,57,58,98,58,0,0,106,0,621,622,623,0,0,0,0,0,0,0,0,106,0,0,1,2,0,3,4,5,0,0,0,0,1,2,453,454,0,0,8,9,3,4,11,12,13,0,0,0,8,9,10,0,0,0,8,0,0,0,0,0,0,0,0,0,0,0,0,0,0,0,0,0,0,0,0,0,0,0,0,0,0,0,0,0,0,0,0,0,0,0,0,0,0,0,0,0,0,0,0,0,0,0,0,0,0,0,0,0,0,0,0,0,0,0,0,0,0,0,0,0,0,0,0,0,0,0,0,0,0,0,0,0,0,0,0,0,0,0,0,0,0,0,0,0,0,0,0,0,0,0,0,0,0,0,0,0,0,0,0,0,0,0,0,0,0,0,0,0,0,0,0,0,0,0,0,0,0,0,0,0,0,0,0,0,0,0,0,0,0,0,0,0,0,0,0,0,0,0,0,0,0,0,0,0,0,0,0,0,0,0,0,0,0,0,0,0,0,0,0,0,0,0,0,0,0,0,0,0,0,0,0,0,0,0,0,0,0,0,0,0,0,0,0,0,0,0,0,0,0,0,0,0,0,0,0,0,0,0,0,0,0,0,0,0,0,0,0,0,0,0,0,0,0,0,0,0,0,0,0,0,0,0,0,0,0,0,0,0,0,0,0,0,0,0,0,0,0,0,0,0,0,0,0,0,0,0,0,0,0,0,0,0,0,0,0,0,0,0,0,0,0,0,0,0,0,0,0,0,0,0,0,0,0,0,0,0,0,0,0,0,0,0,0,0,0,0,0,0,0,0,0,0,0,0,0,0,0,0,0,0,0,0,0,0,0,0,0,0,0,0,0,0,0,0,0,0,0,0,0,0,0,0,0,0,0,0,0,0,0,0,0,0,0,0,0,0,0,0,0,0,0,0,0,0,0,0,0,0,0,0,0,0,0,0,0,0,0,0,0,0,0,0,0,0,0,0,0,0,0,0,0,0,0,0,0,0,0,0,0,0,0,0,0,0,0,0,0,0,0,0,0,0,0,0,0,0,0,0,0,0,0,0,0,0,0,0,0,0,0,0,0,0,0,0,0,0,0,0,0,0,0,0,0,0,0,0,0,0,0,0,0,0,0,0,0,0,0],
"events":[
null,
{"id":1,"name":"EV001","note":"","pages":[{"conditions":{"actorId":1,"actorValid":false,"itemId":1,"itemValid":false,"selfSwitchCh":"A","selfSwitchValid":false,"switch1Id":1,"switch1Valid":false,"switch2Id":1,"switch2Valid":false,"variableId":1,"variableValid":false,"variableValue":0},"directionFix":false,"image":{"tileId":0,"characterName":"小人","direction":8,"pattern":1,"characterIndex":4},"list":[{"code":0,"indent":0,"parameters":[]}],"moveFrequency":3,"moveRoute":{"list":[{"code":0,"parameters":[]}],"repeat":true,"skippable":false,"wait":false},"moveSpeed":3,"moveType":0,"priorityType":1,"stepAnime":false,"through":false,"trigger":0,"walkAnime":true}],"x":10,"y":9},
{"id":2,"name":"EV002","note":"","pages":[{"conditions":{"actorId":1,"actorValid":false,"itemId":1,"itemValid":false,"selfSwitchCh":"A","selfSwitchValid":false,"switch1Id":1,"switch1Valid":false,"switch2Id":1,"switch2Valid":false,"variableId":1,"variableValid":false,"variableValue":0},"directionFix":false,"image":{"characterIndex":0,"characterName":"","direction":2,"pattern":0,"tileId":0},"list":[{"code":205,"indent":0,"parameters":[-1,{"list":[{"code":39,"indent":null},{"code":0}],"repeat":false,"skippable":false,"wait":true}]},{"code":505,"indent":0,"parameters":[{"code":39,"indent":null}]},{"code":230,"indent":0,"parameters":[30]},{"code":222,"indent":0,"parameters":[]},{"code":230,"indent":0,"parameters":[60]},{"code":213,"indent":0,"parameters":[1,8,true]},{"code":101,"indent":0,"parameters":["小人大使",5,0,2]},{"code":401,"indent":0,"parameters":["【外交大使】"]},{"code":401,"indent":0,"parameters":["你好，我是小人协会的外交负责人威廉伯爵。"]},{"code":101,"indent":0,"parameters":["小人大使",6,0,2]},{"code":401,"indent":0,"parameters":["【外交大使】"]},{"code":401,"indent":0,"parameters":["恭喜你成功通过了我们的测试。"]},{"code":230,"indent":0,"parameters":[60]},{"code":101,"indent":0,"parameters":["小人大使",5,0,2]},{"code":401,"indent":0,"parameters":["【外交大使】"]},{"code":401,"indent":0,"parameters":["现在，请你跟我一起宣誓。"]},{"code":213,"indent":0,"parameters":[1,8,false]},{"code":101,"indent":0,"parameters":["小人大使",5,0,2]},{"code":401,"indent":0,"parameters":["【外交大使】"]},{"code":401,"indent":0,"parameters":["“我已成为一名巨大少女，从今往后，"]},{"code":401,"indent":0,"parameters":["我将会守护巨大少女的荣光”"]},{"code":101,"indent":0,"parameters":["",1,0,0]},{"code":401,"indent":0,"parameters":["\\C[27]\\{我已成为一名巨大少女，从今往后，"]},{"code":401,"indent":0,"parameters":["我将会守护巨大少女的荣光”"]},{"code":230,"indent":0,"parameters":[30]},{"code":213,"indent":0,"parameters":[1,8,false]},{"code":101,"indent":0,"parameters":["小人大使",5,0,2]},{"code":401,"indent":0,"parameters":["【外交大使】"]},{"code":401,"indent":0,"parameters":["“我会平等的对待每一个小人，视他们为"]},{"code":401,"indent":0,"parameters":["真正的人类。理解，尊重他们的习俗，"]},{"code":401,"indent":0,"parameters":["保护他们的权益。”"]},{"code":101,"indent":0,"parameters":["",1,0,0]},{"code":401,"indent":0,"parameters":["\\C[27]\\{我会平等的对待每一个小人，视他们为"]},{"code":401,"indent":0,"parameters":["真正的人类。理解，尊重他们的习俗，"]},{"code":401,"indent":0,"parameters":["保护他们的权益。"]},{"code":230,"indent":0,"parameters":[30]},{"code":213,"indent":0,"parameters":[1,8,false]},{"code":101,"indent":0,"parameters":["小人大使",5,0,2]},{"code":401,"indent":0,"parameters":["【外交大使】"]},{"code":401,"indent":0,"parameters":["“我绝不恶意伤害小人，不踩踏，不吞食，"]},{"code":401,"indent":0,"parameters":["以帮助小人为荣幸，为巨人与小人的友谊"]},{"code":401,"indent":0,"parameters":["桥梁贡献自己的力量”"]},{"code":101,"indent":0,"parameters":["",1,0,0]},{"code":401,"indent":0,"parameters":["\\C[27]\\{我绝不恶意伤害小人，不踩踏，不吞食，"]},{"code":401,"indent":0,"parameters":["以帮助小人为荣幸，为巨人与小人的友谊"]},{"code":401,"indent":0,"parameters":["桥梁贡献自己的力量"]},{"code":230,"indent":0,"parameters":[30]},{"code":213,"indent":0,"parameters":[1,4,true]},{"code":101,"indent":0,"parameters":["小人大使",6,0,2]},{"code":401,"indent":0,"parameters":["【外交大使】"]},{"code":401,"indent":0,"parameters":["宣誓完毕。"]},{"code":101,"indent":0,"parameters":["小人大使",5,0,2]},{"code":401,"indent":0,"parameters":["【外交大使】"]},{"code":401,"indent":0,"parameters":["请允许我代表全体小人向您颁发"]},{"code":401,"indent":0,"parameters":["【巨大少女资格证】。"]},{"code":230,"indent":0,"parameters":[30]},{"code":101,"indent":0,"parameters":["小超萌",1,0,2]},{"code":401,"indent":0,"parameters":["【小超萌】"]},{"code":401,"indent":0,"parameters":["谢谢伯爵！"]},{"code":230,"indent":0,"parameters":[30]},{"code":101,"indent":0,"parameters":["小人大使",5,0,2]},{"code":401,"indent":0,"parameters":["【外交大使】"]},{"code":401,"indent":0,"parameters":["好了，请前往我的秘书处领取你的资格证吧。"]},{"code":401,"indent":0,"parameters":["我这么小的身躯可没办法举起它。"]},{"code":121,"indent":0,"parameters":[18,18,0]},{"code":221,"indent":0,"parameters":[]},{"code":205,"indent":0,"parameters":[-1,{"list":[{"code":40,"indent":null},{"code":0}],"repeat":false,"skippable":false,"wait":true}]},{"code":505,"indent":0,"parameters":[{"code":40,"indent":null}]},{"code":201,"indent":0,"parameters":[0,22,8,8,8,0]},{"code":0,"indent":0,"parameters":[]}],"moveFrequency":3,"moveRoute":{"list":[{"code":0,"parameters":[]}],"repeat":true,"skippable":false,"wait":false},"moveSpeed":3,"moveType":0,"priorityType":0,"stepAnime":false,"through":false,"trigger":3,"walkAnime":true}],"x":16,"y":3},
{"id":3,"name":"EV003","note":"","pages":[{"conditions":{"actorId":1,"actorValid":false,"itemId":1,"itemValid":false,"selfSwitchCh":"A","selfSwitchValid":false,"switch1Id":1,"switch1Valid":false,"switch2Id":1,"switch2Valid":false,"variableId":1,"variableValid":false,"variableValue":0},"directionFix":false,"image":{"tileId":0,"characterName":"SF_Monster","direction":2,"pattern":1,"characterIndex":7},"list":[{"code":0,"indent":0,"parameters":[]}],"moveFrequency":3,"moveRoute":{"list":[{"code":0,"parameters":[]}],"repeat":true,"skippable":false,"wait":false},"moveSpeed":3,"moveType":0,"priorityType":1,"stepAnime":false,"through":false,"trigger":0,"walkAnime":true}],"x":12,"y":10},
{"id":4,"name":"EV004","note":"","pages":[{"conditions":{"actorId":1,"actorValid":false,"itemId":1,"itemValid":false,"selfSwitchCh":"A","selfSwitchValid":false,"switch1Id":1,"switch1Valid":false,"switch2Id":1,"switch2Valid":false,"variableId":1,"variableValid":false,"variableValue":0},"directionFix":false,"image":{"tileId":0,"characterName":"SF_Monster","direction":2,"pattern":1,"characterIndex":7},"list":[{"code":0,"indent":0,"parameters":[]}],"moveFrequency":3,"moveRoute":{"list":[{"code":0,"parameters":[]}],"repeat":true,"skippable":false,"wait":false},"moveSpeed":3,"moveType":0,"priorityType":1,"stepAnime":false,"through":false,"trigger":0,"walkAnime":true}],"x":14,"y":10}
]
}