{
"autoplayBgm":false,"autoplayBgs":false,"battleback1Name":"","battleback2Name":"","bgm":{"name":"","pan":0,"pitch":100,"volume":90},"bgs":{"name":"","pan":0,"pitch":100,"volume":90},"disableDashing":false,"displayName":"","encounterList":[],"encounterStep":30,"height":14,"note":"<ulds> {\n\"name\": \"55\",\n\"x\": \"this.rx(1)\",\n\"y\": \"this.ry(1)\",\n\"z\": \"-1\",\n\"loop\": true\n} </ulds>\n\n<ulds> {\n\"name\": \"56\",\n\"x\": \"this.rx(1)\",\n\"y\": \"this.ry(1)\",\n\"z\": \"3\",\n\"loop\": true\n} </ulds>","parallaxLoopX":false,"parallaxLoopY":false,"parallaxName":"","parallaxShow":true,"parallaxSx":0,"parallaxSy":0,"scrollType":0,"specifyBattleback":false,"tilesetId":1,"width":17,
"data":[0,0,0,0,0,0,0,0,0,0,0,0,0,0,0,0,0,0,0,0,0,0,0,0,0,0,0,0,0,0,0,0,0,0,0,0,0,0,0,0,0,0,0,0,0,0,0,0,0,0,0,0,0,0,0,0,0,0,0,0,0,0,0,0,0,0,0,0,0,0,0,0,0,0,0,0,0,0,0,0,0,0,0,0,0,0,0,0,0,0,0,0,0,0,0,0,0,0,0,0,0,0,0,0,0,0,0,0,0,0,3234,3220,3220,3236,0,0,0,0,0,0,0,0,0,0,0,0,0,3216,3200,3200,3224,0,0,0,0,0,0,0,0,0,0,0,0,0,3216,3200,3200,3224,0,0,0,0,0,0,0,0,0,0,0,0,0,3240,3228,3228,3238,0,0,0,0,0,0,0,0,0,0,0,0,0,0,0,0,0,0,0,0,0,0,0,0,0,0,0,0,0,0,0,0,0,0,0,0,0,0,0,0,0,0,0,0,0,0,0,0,0,0,0,0,0,0,0,0,0,0,0,0,0,0,0,0,0,0,0,0,0,0,0,0,0,0,0,0,0,0,0,0,0,0,0,0,0,0,0,0,0,0,0,0,0,0,0,0,0,0,0,0,0,0,0,0,0,0,0,0,0,0,0,0,0,0,0,0,0,0,0,0,0,0,0,0,0,0,0,0,0,0,0,0,0,0,0,0,0,0,0,0,0,0,0,0,0,0,0,0,0,0,0,0,0,0,0,0,0,0,0,0,0,0,0,0,0,0,0,0,0,0,0,0,0,0,0,0,0,0,0,0,0,0,0,0,0,0,0,0,0,0,0,0,0,0,0,0,0,0,0,0,0,0,0,0,0,0,0,0,0,0,0,0,0,0,0,0,0,0,0,0,0,0,0,0,0,0,0,0,0,0,0,0,0,0,0,0,0,0,0,0,0,0,0,0,0,0,0,0,0,0,0,0,0,0,0,0,0,0,0,0,0,0,0,0,0,0,0,0,0,0,0,0,0,0,0,0,0,0,0,0,0,0,0,0,0,0,0,0,0,0,0,0,0,0,0,0,0,0,0,0,0,0,0,0,0,0,0,0,0,0,0,0,0,0,0,0,0,0,0,0,0,0,0,0,0,0,0,0,0,0,0,0,0,0,0,0,0,0,0,0,0,0,0,0,0,0,0,0,0,0,0,0,0,0,0,0,0,0,0,0,0,0,0,0,0,0,0,0,0,0,0,0,0,0,0,0,0,0,0,0,0,0,0,0,0,0,0,0,0,0,0,0,0,0,0,0,0,0,0,0,0,0,0,0,0,0,0,0,0,0,0,0,0,0,0,0,0,0,0,0,0,0,0,0,0,0,0,0,0,0,0,0,0,0,0,0,0,0,0,0,0,0,0,0,0,0,0,0,0,0,0,0,0,0,0,0,321,0,0,0,0,0,0,0,0,0,0,0,0,0,0,0,0,0,0,0,0,0,0,0,0,0,0,0,0,0,0,0,0,0,0,0,0,0,0,0,0,0,0,0,0,0,0,0,0,0,0,0,0,0,0,0,0,0,0,0,0,0,0,0,0,0,0,0,0,0,0,0,0,0,0,0,0,0,0,0,0,0,0,0,0,0,0,0,0,0,0,0,0,0,0,0,0,0,0,0,0,0,0,0,0,0,0,0,0,0,0,0,0,0,0,0,0,0,0,0,0,0,0,0,0,0,0,0,0,0,0,0,0,0,0,0,0,0,0,0,0,0,0,0,0,0,0,0,0,0,0,0,0,0,0,0,0,0,0,0,0,0,0,0,0,0,0,0,0,0,0,0,0,0,0,0,0,0,0,0,0,0,0,0,0,0,0,0,0,0,0,0,0,0,0,0,0,0,0,0,0,0,0,346,352,322,347,0,0,0,0,0,0,0,0,0,0,0,0,0,344,321,322,347,0,0,0,0,0,0,0,0,0,0,0,0,0,344,320,313,345,0,0,0,0,0,0,0,0,0,0,0,0,0,352,353,322,355,0,0,0,0,0,0,0,0,0,0,0,0,0,0,0,0,0,0,0,0,0,0,0,0,0,0,0,0,0,0,0,0,0,0,0,0,0,0,0,0,0,0,0,0,0,0,0,0,0,0,0,0,0,0,0,0,0,0,0,0,0,0,0,0,0,0,0,0,0,0,0,0,0,0,0,0,0,0,0,0,0,0,0,0,0,0,0,0,0,0,0,0,0,0,0,0,0,0,0,0,0,0,0,0,0,0,0,0,0,0,0,0,0,0,0,0,0,0,0,0,0,0,0,0,0,0,0,0,0,0,0,0,0,0,0,0,0,0,0,0,0,0,0,0,0,0,0,0,0,0,0,0,0,0,0,0,0,0,0,0,0,0,0,0,0,0,0,0,0,0,0,0,0,0,0,0,0,0,0,0,0,0,0,0,0,0,0,0,0,0,0,0,0,0,0,0,0,0,0,0,0,0,0,0,0,0,0,0,0,0,0,0,0,0,0,0,0,0,0,0,0,0,0,0,0,0,0,0,0,0,0,0,0,0,0,0,0,0,0,0,0,0,0,0,0,0,0,0,0,0,0,0,0,0,0,0,0,0,0,0,0,0,0,0,0,0,0,0,0,0,0,0,0,0,0,0,0,0,0,0,0,0,0,0,0,0,0,0,0,0,0,0,0,0,0,0,0,0,0,0,0,0,0,0,0,0,0,0,0,0,0,0,0,0,0,0,0,0,0,0,0,0,0,0,0,0,0,0,0,0,0,0,0,0,0,0,0,0,0,0,0,0,0,0,0,0,0,0,0,0,0,0,0,0,0,0,0,0,0,0,0,0,0,0,0,0,0,0,0,0,0,0,0,0,0,0,0,0,0,0,0,0,0,0,0,0,0,0,0,0,0,0,0,0,0,0,0,0,0,0,0,0,0,0,0,0,0,0,0,0,0,0,0,0,0,0,0,0,0,0,0,0,0,0,0,0,0,0,0,0,0,0,0,0,0,0,0,0,0,0,0,0,0,0,0,0,0,0,0,0,0,0,0,0,0,0,0,0,0,0,0,0,0,0,0,0,0,0,0,0,0,0,0,0,0,0,0,0,0,0,0,0,0,0,0,0,0,0,0,0,0,0,0,0,0,0,0,0,0,0,0,0,0,0,0,0,0,0,0,0,0,0,0,0,0,0,0,0,0,0,0,0,0,0,0,0,0,0,0,0,0,0,0,0,0,0,0,0,0,0,0,0,0,0,0,0,0,0,0],
"events":[
null,
{"id":1,"name":"管家","note":"","pages":[{"conditions":{"actorId":1,"actorValid":false,"itemId":1,"itemValid":false,"selfSwitchCh":"A","selfSwitchValid":false,"switch1Id":1,"switch1Valid":false,"switch2Id":1,"switch2Valid":false,"variableId":1,"variableValid":false,"variableValue":0},"directionFix":false,"image":{"tileId":0,"characterName":"少女6","direction":6,"pattern":1,"characterIndex":6},"list":[{"code":0,"indent":0,"parameters":[]}],"moveFrequency":3,"moveRoute":{"list":[{"code":0,"parameters":[]}],"repeat":true,"skippable":false,"wait":false},"moveSpeed":3,"moveType":0,"priorityType":1,"stepAnime":true,"through":true,"trigger":0,"walkAnime":true}],"x":6,"y":8},
{"id":2,"name":"EV002","note":"","pages":[{"conditions":{"actorId":1,"actorValid":false,"itemId":1,"itemValid":false,"selfSwitchCh":"A","selfSwitchValid":false,"switch1Id":1,"switch1Valid":false,"switch2Id":1,"switch2Valid":false,"variableId":1,"variableValid":false,"variableValue":0},"directionFix":false,"image":{"characterIndex":0,"characterName":"","direction":2,"pattern":0,"tileId":0},"list":[{"code":235,"indent":0,"parameters":[1]},{"code":205,"indent":0,"parameters":[-1,{"list":[{"code":39,"indent":null},{"code":0}],"repeat":false,"skippable":false,"wait":true}]},{"code":505,"indent":0,"parameters":[{"code":39,"indent":null}]},{"code":235,"indent":0,"parameters":[2]},{"code":230,"indent":0,"parameters":[60]},{"code":222,"indent":0,"parameters":[]},{"code":230,"indent":0,"parameters":[60]},{"code":213,"indent":0,"parameters":[1,8,true]},{"code":101,"indent":0,"parameters":["小人管家",3,0,2]},{"code":401,"indent":0,"parameters":["【管家】"]},{"code":401,"indent":0,"parameters":["屏障毁坏率达到了60%..."]},{"code":401,"indent":0,"parameters":["区域毁坏率也达到了52%"]},{"code":101,"indent":0,"parameters":["小人管家",3,0,2]},{"code":401,"indent":0,"parameters":["【管家】"]},{"code":401,"indent":0,"parameters":["同时防卫系统，排水系统和交通都"]},{"code":401,"indent":0,"parameters":["全部瘫痪，避难所也全部被淹没..."]},{"code":101,"indent":0,"parameters":["小人管家",4,0,2]},{"code":401,"indent":0,"parameters":["【管家】"]},{"code":401,"indent":0,"parameters":["按照我们平时工作的标准来说，这座城市"]},{"code":401,"indent":0,"parameters":["已经和报废没什么区别了..."]},{"code":230,"indent":0,"parameters":[60]},{"code":101,"indent":0,"parameters":["小人管家",2,0,2]},{"code":401,"indent":0,"parameters":["【管家】"]},{"code":401,"indent":0,"parameters":["这种情况下居然都能生存下来，你们的"]},{"code":401,"indent":0,"parameters":["运气不是一般的好啊。"]},{"code":230,"indent":0,"parameters":[60]},{"code":101,"indent":0,"parameters":["小人国王",0,0,2]},{"code":401,"indent":0,"parameters":["【小人】"]},{"code":401,"indent":0,"parameters":["多亏了超萌小姐的帮助..."]},{"code":401,"indent":0,"parameters":["不然我们的城市早就变成一块烂泥了。"]},{"code":230,"indent":0,"parameters":[60]},{"code":213,"indent":0,"parameters":[1,7,true]},{"code":101,"indent":0,"parameters":["小人管家",3,0,2]},{"code":401,"indent":0,"parameters":["【管家】"]},{"code":401,"indent":0,"parameters":["唔...如果不是看在佩露佩露大人的份上，"]},{"code":401,"indent":0,"parameters":["这种烂摊子我肯定不会接收的。"]},{"code":230,"indent":0,"parameters":[60]},{"code":205,"indent":0,"parameters":[1,{"list":[{"code":3,"indent":null},{"code":44,"parameters":[{"name":"Explosion2","volume":55,"pitch":100,"pan":0}],"indent":null},{"code":0}],"repeat":false,"skippable":false,"wait":true}]},{"code":505,"indent":0,"parameters":[{"code":3,"indent":null}]},{"code":505,"indent":0,"parameters":[{"code":44,"parameters":[{"name":"Explosion2","volume":55,"pitch":100,"pan":0}],"indent":null}]},{"code":230,"indent":0,"parameters":[60]},{"code":101,"indent":0,"parameters":["小人管家",2,0,2]},{"code":401,"indent":0,"parameters":["【管家】"]},{"code":401,"indent":0,"parameters":["来吧，现在可不是闲聊的时候，赶紧"]},{"code":401,"indent":0,"parameters":["带路，让我去把废墟里的伤员挖出来。"]},{"code":230,"indent":0,"parameters":[60]},{"code":101,"indent":0,"parameters":["小人国王",0,0,2]},{"code":401,"indent":0,"parameters":["【小人】"]},{"code":401,"indent":0,"parameters":["啊，管家小姐，这边请！"]},{"code":230,"indent":0,"parameters":[60]},{"code":205,"indent":0,"parameters":[1,{"list":[{"code":3,"indent":null},{"code":44,"parameters":[{"name":"Explosion2","volume":65,"pitch":100,"pan":0}],"indent":null},{"code":3,"indent":null},{"code":44,"parameters":[{"name":"Explosion2","volume":65,"pitch":100,"pan":0}],"indent":null},{"code":3,"indent":null},{"code":44,"parameters":[{"name":"Explosion2","volume":65,"pitch":100,"pan":0}],"indent":null},{"code":0}],"repeat":false,"skippable":false,"wait":true}]},{"code":505,"indent":0,"parameters":[{"code":3,"indent":null}]},{"code":505,"indent":0,"parameters":[{"code":44,"parameters":[{"name":"Explosion2","volume":65,"pitch":100,"pan":0}],"indent":null}]},{"code":505,"indent":0,"parameters":[{"code":3,"indent":null}]},{"code":505,"indent":0,"parameters":[{"code":44,"parameters":[{"name":"Explosion2","volume":65,"pitch":100,"pan":0}],"indent":null}]},{"code":505,"indent":0,"parameters":[{"code":3,"indent":null}]},{"code":505,"indent":0,"parameters":[{"code":44,"parameters":[{"name":"Explosion2","volume":65,"pitch":100,"pan":0}],"indent":null}]},{"code":221,"indent":0,"parameters":[]},{"code":121,"indent":0,"parameters":[66,66,0]},{"code":201,"indent":0,"parameters":[0,95,5,8,4,0]},{"code":123,"indent":0,"parameters":["A",0]},{"code":0,"indent":0,"parameters":[]}],"moveFrequency":3,"moveRoute":{"list":[{"code":0,"parameters":[]}],"repeat":true,"skippable":false,"wait":false},"moveSpeed":3,"moveType":0,"priorityType":0,"stepAnime":false,"through":false,"trigger":3,"walkAnime":true},{"conditions":{"actorId":1,"actorValid":false,"itemId":1,"itemValid":false,"selfSwitchCh":"A","selfSwitchValid":true,"switch1Id":1,"switch1Valid":false,"switch2Id":1,"switch2Valid":false,"variableId":1,"variableValid":false,"variableValue":0},"directionFix":false,"image":{"characterIndex":0,"characterName":"","direction":2,"pattern":0,"tileId":0},"list":[{"code":0,"indent":0,"parameters":[]}],"moveFrequency":3,"moveRoute":{"list":[{"code":0,"parameters":[]}],"repeat":true,"skippable":false,"wait":false},"moveSpeed":3,"moveType":0,"priorityType":0,"stepAnime":false,"through":false,"trigger":0,"walkAnime":true}],"x":12,"y":3},
{"id":3,"name":"EV003","note":"","pages":[{"conditions":{"actorId":1,"actorValid":false,"itemId":1,"itemValid":false,"selfSwitchCh":"A","selfSwitchValid":false,"switch1Id":1,"switch1Valid":false,"switch2Id":1,"switch2Valid":false,"variableId":1,"variableValid":false,"variableValue":0},"directionFix":false,"image":{"tileId":0,"characterName":"!Other2","direction":4,"pattern":1,"characterIndex":6},"list":[{"code":0,"indent":0,"parameters":[]}],"moveFrequency":3,"moveRoute":{"list":[{"code":0,"parameters":[]}],"repeat":true,"skippable":false,"wait":false},"moveSpeed":3,"moveType":0,"priorityType":1,"stepAnime":true,"through":false,"trigger":0,"walkAnime":true}],"x":10,"y":6},
{"id":4,"name":"EV004","note":"","pages":[{"conditions":{"actorId":1,"actorValid":false,"itemId":1,"itemValid":false,"selfSwitchCh":"A","selfSwitchValid":false,"switch1Id":1,"switch1Valid":false,"switch2Id":1,"switch2Valid":false,"variableId":1,"variableValid":false,"variableValue":0},"directionFix":false,"image":{"tileId":0,"characterName":"!Other2","direction":4,"pattern":1,"characterIndex":6},"list":[{"code":0,"indent":0,"parameters":[]}],"moveFrequency":3,"moveRoute":{"list":[{"code":0,"parameters":[]}],"repeat":true,"skippable":false,"wait":false},"moveSpeed":3,"moveType":0,"priorityType":1,"stepAnime":true,"through":false,"trigger":0,"walkAnime":true}],"x":9,"y":7},
{"id":5,"name":"EV005","note":"","pages":[{"conditions":{"actorId":1,"actorValid":false,"itemId":1,"itemValid":false,"selfSwitchCh":"A","selfSwitchValid":false,"switch1Id":1,"switch1Valid":false,"switch2Id":1,"switch2Valid":false,"variableId":1,"variableValid":false,"variableValue":0},"directionFix":false,"image":{"tileId":0,"characterName":"!Other2","direction":4,"pattern":1,"characterIndex":6},"list":[{"code":0,"indent":0,"parameters":[]}],"moveFrequency":3,"moveRoute":{"list":[{"code":0,"parameters":[]}],"repeat":true,"skippable":false,"wait":false},"moveSpeed":3,"moveType":0,"priorityType":1,"stepAnime":true,"through":false,"trigger":0,"walkAnime":true}],"x":11,"y":9}
]
}