{
"autoplayBgm":false,"autoplayBgs":false,"battleback1Name":"","battleback2Name":"","bgm":{"name":"","pan":0,"pitch":100,"volume":90},"bgs":{"name":"","pan":0,"pitch":100,"volume":90},"disableDashing":false,"displayName":"","encounterList":[],"encounterStep":30,"height":13,"note":"<ulds> {\n\"name\": \"83\",\n\"x\": \"this.rx(1)\",\n\"y\": \"this.ry(1)\",\n\"z\": \"1\",\n\"loop\": true\n} </ulds>\n\n<ulds> {\n\"name\": \"84\",\n\"x\": \"this.rx(1)\",\n\"y\": \"this.ry(1)\",\n\"z\": \"2\",\n\"loop\": true\n} </ulds>\n\n","parallaxLoopX":false,"parallaxLoopY":false,"parallaxName":"","parallaxShow":true,"parallaxSx":0,"parallaxSy":0,"scrollType":0,"specifyBattleback":false,"tilesetId":1,"width":34,"mapId":126,
"data":[null,null,null,null,null,null,null,null,null,null,null,null,null,null,null,null,null,0,0,0,0,0,0,0,0,0,0,0,0,0,0,0,0,0,null,null,null,null,null,null,null,null,null,null,null,null,null,null,null,null,null,0,0,0,0,0,0,0,0,0,0,0,0,0,0,0,0,0,null,null,null,null,null,null,null,null,null,null,null,null,null,null,null,null,null,0,0,0,0,0,0,0,0,0,0,0,0,0,0,0,0,0,null,null,null,null,null,null,null,null,null,null,null,null,null,null,null,null,null,0,0,0,0,0,0,0,0,0,0,0,0,0,0,0,0,0,null,null,null,null,null,null,null,null,null,null,null,null,null,null,null,null,null,0,0,0,0,0,0,0,0,0,0,0,0,0,0,0,0,0,null,null,null,null,null,null,null,null,null,null,null,null,null,null,null,null,null,0,0,0,0,0,0,0,0,0,0,0,0,0,0,0,0,0,null,null,null,null,null,null,null,null,null,null,null,null,null,null,null,null,null,0,0,0,0,0,0,0,0,0,0,0,0,0,0,0,0,0,null,null,null,null,null,null,null,null,null,null,null,null,null,null,null,null,null,0,0,0,0,0,0,0,0,0,0,0,0,0,0,0,0,0,null,null,null,null,null,null,null,null,null,null,null,null,null,null,null,null,null,0,0,0,0,0,0,0,0,0,0,0,0,0,0,0,0,0,null,null,null,null,null,null,null,null,null,null,null,null,null,null,null,null,null,0,0,0,0,0,0,0,0,0,0,0,0,0,0,0,0,0,null,null,null,null,null,null,null,null,null,null,null,null,null,null,null,null,null,0,0,0,0,0,0,0,0,0,0,0,0,0,0,0,0,0,null,null,null,null,null,null,null,null,null,null,null,null,null,null,null,null,null,0,0,0,0,0,0,0,0,0,0,0,0,0,0,0,0,0,null,null,null,null,null,null,null,null,null,null,null,null,null,null,null,null,null,0,0,0,0,0,0,0,0,0,0,0,0,0,0,0,0,0,null,null,null,null,null,null,null,null,null,null,null,null,null,null,null,null,null,0,0,0,0,0,0,0,0,0,0,0,0,0,0,0,0,0,null,null,null,null,null,null,null,null,null,null,null,null,null,null,null,null,null,0,0,0,0,0,0,0,0,0,0,0,0,0,0,0,0,0,null,null,null,null,null,null,null,null,null,null,null,null,null,null,null,null,null,0,0,0,0,0,0,0,0,0,0,0,0,0,0,0,0,0,null,null,null,null,null,null,null,null,null,null,null,null,null,null,null,null,null,0,0,0,0,0,0,0,0,0,0,0,0,0,0,0,0,0,null,null,null,null,null,null,null,null,null,null,null,null,null,null,null,null,null,0,0,0,0,0,0,0,0,0,0,0,0,0,0,0,0,0,null,null,null,null,null,null,null,null,null,null,null,null,null,null,null,null,null,0,0,0,0,0,0,0,0,0,0,0,0,0,0,0,0,0,null,null,null,null,null,null,null,null,null,null,null,null,null,null,null,null,null,0,0,0,0,0,0,0,0,0,0,0,0,0,0,0,0,0,null,null,null,null,null,null,null,null,null,null,null,null,null,null,null,null,null,0,0,0,0,0,0,0,0,0,0,0,0,0,0,0,0,0,null,null,null,null,null,null,null,null,null,null,null,null,null,null,null,null,null,0,0,0,0,0,0,0,0,0,0,0,0,0,0,0,0,0,null,null,null,null,null,null,null,null,null,null,null,null,null,null,null,null,null,0,0,0,0,0,0,0,0,0,0,0,0,0,0,0,0,0,null,null,null,null,null,null,null,null,null,null,null,null,null,null,null,null,null,0,0,0,0,0,0,0,0,0,0,0,0,0,0,0,0,0,null,null,null,null,null,null,null,null,null,null,null,null,null,null,null,null,null,0,0,0,0,0,0,0,0,0,0,0,0,0,0,0,0,0,null,null,null,null,null,null,null,null,null,null,null,null,null,null,null,null,null,0,0,0,0,0,0,0,0,0,0,0,0,0,0,0,0,0,null,null,null,null,null,null,null,null,null,null,null,null,null,null,null,null,null,0,0,0,0,0,0,0,0,0,0,0,0,0,0,0,0,0,null,null,null,null,null,null,null,null,null,null,null,null,null,null,null,null,null,0,0,0,0,0,0,0,0,0,0,0,0,0,0,0,0,0,null,null,null,null,null,null,null,null,null,null,null,null,null,null,null,null,null,0,0,0,0,0,0,0,0,0,0,0,0,0,0,0,0,0,null,null,null,null,null,null,null,null,null,null,null,null,null,null,null,null,null,0,0,0,0,0,0,0,0,0,0,0,0,0,0,0,0,0,null,null,null,null,null,null,null,null,null,null,null,null,null,null,null,null,null,0,0,0,0,0,0,0,0,0,0,0,0,0,0,0,0,0,null,null,null,null,null,null,null,null,null,null,null,null,null,null,null,null,null,0,0,0,0,0,0,0,0,0,0,0,0,0,0,0,0,0,null,null,null,null,null,null,null,null,null,null,null,null,null,null,null,null,null,0,0,0,0,0,0,0,0,0,0,0,0,0,0,0,0,0,null,null,null,null,null,null,null,null,null,null,null,null,null,null,null,null,null,0,0,0,0,0,0,0,0,0,0,0,0,0,0,0,0,0,null,null,null,null,null,null,null,null,null,null,null,null,null,null,null,null,null,0,0,0,0,0,0,0,0,0,0,0,0,0,0,0,0,0,null,null,null,null,null,null,null,null,null,null,null,null,null,null,null,null,null,0,0,0,0,0,0,0,0,0,0,0,0,0,0,0,0,0,null,null,null,null,null,null,null,null,null,null,null,null,null,null,null,null,null,0,0,0,0,0,0,0,0,0,0,0,0,0,0,0,0,0,null,null,null,null,null,null,null,null,null,null,null,null,null,null,null,null,null,0,0,0,0,0,0,0,0,0,0,0,0,0,0,0,0,0,null,null,null,null,null,null,null,null,null,null,null,null,null,null,null,null,null,0,0,0,0,0,0,0,0,0,0,0,0,0,0,0,0,0,null,null,null,null,null,null,null,null,null,null,null,null,null,null,null,null,null,0,0,0,0,0,0,0,0,0,0,0,0,0,0,0,0,0,null,null,null,null,null,null,null,null,null,null,null,null,null,null,null,null,null,0,0,0,0,0,0,0,0,0,0,0,0,0,0,0,0,0,null,null,null,null,null,null,null,null,null,null,null,null,null,null,null,null,null,0,0,0,0,0,0,0,0,0,0,0,0,0,0,0,0,0,null,null,null,null,null,null,null,null,null,null,null,null,null,null,null,null,null,0,0,0,0,0,0,0,0,0,0,0,0,0,0,0,0,0,null,null,null,null,null,null,null,null,null,null,null,null,null,null,null,null,null,0,0,0,0,0,0,0,0,0,0,0,0,0,0,0,0,0,null,null,null,null,null,null,null,null,null,null,null,null,null,null,null,null,null,0,0,0,0,0,0,0,0,0,0,0,0,0,0,0,0,0,null,null,null,null,null,null,null,null,null,null,null,null,null,null,null,null,null,0,0,0,0,0,0,0,0,0,0,0,0,0,0,0,0,0,null,null,null,null,null,null,null,null,null,null,null,null,null,null,null,null,null,0,0,0,0,0,0,0,0,0,0,0,0,0,0,0,0,0,null,null,null,null,null,null,null,null,null,null,null,null,null,null,null,null,null,0,0,0,0,0,0,0,0,0,0,0,0,0,0,0,0,0,null,null,null,null,null,null,null,null,null,null,null,null,null,null,null,null,null,0,0,0,0,0,0,0,0,0,0,0,0,0,0,0,0,0,null,null,null,null,null,null,null,null,null,null,null,null,null,null,null,null,null,0,0,0,0,0,0,0,0,0,0,0,0,0,0,0,0,0,null,null,null,null,null,null,null,null,null,null,null,null,null,null,null,null,null,0,0,0,0,0,0,0,0,0,0,0,0,0,0,0,0,0,null,null,null,null,null,null,null,null,null,null,null,null,null,null,null,null,null,0,0,0,0,0,0,0,0,0,0,0,0,0,0,0,0,0,null,null,null,null,null,null,null,null,null,null,null,null,null,null,null,null,null,0,0,0,0,0,0,0,0,0,0,0,0,0,0,0,0,0,null,null,null,null,null,null,null,null,null,null,null,null,null,null,null,null,null,0,0,0,0,0,0,0,0,0,0,0,0,0,0,0,0,0,null,null,null,null,null,null,null,null,null,null,null,null,null,null,null,null,null,0,0,0,0,0,0,0,0,0,0,0,0,0,0,0,0,0,null,null,null,null,null,null,null,null,null,null,null,null,null,null,null,null,null,0,0,0,0,0,0,0,0,0,0,0,0,0,0,0,0,0,null,null,null,null,null,null,null,null,null,null,null,null,null,null,null,null,null,0,0,0,0,0,0,0,0,0,0,0,0,0,0,0,0,0,null,null,null,null,null,null,null,null,null,null,null,null,null,null,null,null,null,0,0,0,0,0,0,0,0,0,0,0,0,0,0,0,0,0,null,null,null,null,null,null,null,null,null,null,null,null,null,null,null,null,null,0,0,0,0,0,0,0,0,0,0,0,0,0,0,0,0,0,null,null,null,null,null,null,null,null,null,null,null,null,null,null,null,null,null,0,0,0,0,0,0,0,0,0,0,0,0,0,0,0,0,0,null,null,null,null,null,null,null,null,null,null,null,null,null,null,null,null,null,0,0,0,0,0,0,0,0,0,0,0,0,0,0,0,0,0,null,null,null,null,null,null,null,null,null,null,null,null,null,null,null,null,null,0,0,0,0,0,0,0,0,0,0,0,0,0,0,0,0,0,null,null,null,null,null,null,null,null,null,null,null,null,null,null,null,null,null,0,0,0,0,0,0,0,0,0,0,0,0,0,0,0,0,0,null,null,null,null,null,null,null,null,null,null,null,null,null,null,null,null,null,0,0,0,0,0,0,0,0,0,0,0,0,0,0,0,0,0,null,null,null,null,null,null,null,null,null,null,null,null,null,null,null,null,null,0,0,0,0,0,0,0,0,0,0,0,0,0,0,0,0,0,null,null,null,null,null,null,null,null,null,null,null,null,null,null,null,null,null,0,0,0,0,0,0,0,0,0,0,0,0,0,0,0,0,0,null,null,null,null,null,null,null,null,null,null,null,null,null,null,null,null,null,0,0,0,0,0,0,0,0,0,0,0,0,0,0,0,0,0,null,null,null,null,null,null,null,null,null,null,null,null,null,null,null,null,null,0,0,0,0,0,0,0,0,0,0,0,0,0,0,0,0,0,null,null,null,null,null,null,null,null,null,null,null,null,null,null,null,null,null,0,0,0,0,0,0,0,0,0,0,0,0,0,0,0,0,0,null,null,null,null,null,null,null,null,null,null,null,null,null,null,null,null,null,0,0,0,0,0,0,0,0,0,0,0,0,0,0,0,0,0,null,null,null,null,null,null,null,null,null,null,null,null,null,null,null,null,null,0,0,0,0,0,0,0,0,0,0,0,0,0,0,0,0,0,null,null,null,null,null,null,null,null,null,null,null,null,null,null,null,null,null,0,0,0,0,0,0,0,0,0,0,0,0,0,0,0,0,0,null,null,null,null,null,null,null,null,null,null,null,null,null,null,null,null,null,0,0,0,0,0,0,0,0,0,0,0,0,0,0,0,0,0,null,null,null,null,null,null,null,null,null,null,null,null,null,null,null,null,null,0,0,0,0,0,0,0,0,0,0,0,0,0,0,0,0,0,null,null,null,null,null,null,null,null,null,null,null,null,null,null,null,null,null,0,0,0,0,0,0,0,0,0,0,0,0,0,0,0,0,0,null,null,null,null,null,null,null,null,null,null,null,null,null,null,null,null,null,0,0,0,0,0,0,0,0,0,0,0,0,0,0,0,0,0,null,null,null,null,null,null,null,null,null,null,null,null,null,null,null,null,null,0,0,0,0,0,0,0,0,0,0,0,0,0,0,0,0,0,null,null,null,null,null,null,null,null,null,null,null,null,null,null,null,null,null,0,0,0,0,0,0,0,0,0,0,0,0,0,0,0,0,0],
"events":[
null,
{"id":1,"name":"EV001","note":"","pages":[{"conditions":{"actorId":1,"actorValid":false,"itemId":1,"itemValid":false,"selfSwitchCh":"A","selfSwitchValid":false,"switch1Id":1,"switch1Valid":false,"switch2Id":1,"switch2Valid":false,"variableId":1,"variableValid":false,"variableValue":0},"directionFix":false,"image":{"tileId":0,"characterName":"和风（小偷）","direction":6,"pattern":1,"characterIndex":3},"list":[{"code":0,"indent":0,"parameters":[]}],"moveFrequency":3,"moveRoute":{"list":[{"code":0,"parameters":[]}],"repeat":true,"skippable":false,"wait":false},"moveSpeed":3,"moveType":0,"priorityType":1,"stepAnime":false,"through":false,"trigger":0,"walkAnime":true},{"conditions":{"actorId":1,"actorValid":false,"itemId":1,"itemValid":false,"selfSwitchCh":"A","selfSwitchValid":false,"switch1Id":161,"switch1Valid":true,"switch2Id":1,"switch2Valid":false,"variableId":1,"variableValid":false,"variableValue":0},"directionFix":false,"image":{"tileId":0,"characterName":"国民3","direction":6,"pattern":1,"characterIndex":5},"list":[{"code":0,"indent":0,"parameters":[]}],"moveFrequency":3,"moveRoute":{"list":[{"code":0,"parameters":[]}],"repeat":true,"skippable":false,"wait":false},"moveSpeed":3,"moveType":0,"priorityType":1,"stepAnime":false,"through":false,"trigger":0,"walkAnime":true}],"x":6,"y":9},
{"id":2,"name":"小偷2","note":"","pages":[{"conditions":{"actorId":1,"actorValid":false,"itemId":1,"itemValid":false,"selfSwitchCh":"A","selfSwitchValid":false,"switch1Id":1,"switch1Valid":false,"switch2Id":1,"switch2Valid":false,"variableId":1,"variableValid":false,"variableValue":0},"directionFix":false,"image":{"tileId":0,"characterName":"和风（小偷）","direction":2,"pattern":1,"characterIndex":3},"list":[{"code":0,"indent":0,"parameters":[]}],"moveFrequency":3,"moveRoute":{"list":[{"code":0,"parameters":[]}],"repeat":true,"skippable":false,"wait":false},"moveSpeed":3,"moveType":0,"priorityType":1,"stepAnime":false,"through":false,"trigger":0,"walkAnime":true},{"conditions":{"actorId":1,"actorValid":false,"itemId":1,"itemValid":false,"selfSwitchCh":"A","selfSwitchValid":false,"switch1Id":161,"switch1Valid":true,"switch2Id":1,"switch2Valid":false,"variableId":1,"variableValid":false,"variableValue":0},"directionFix":false,"image":{"tileId":0,"characterName":"国民3","direction":2,"pattern":1,"characterIndex":4},"list":[{"code":0,"indent":0,"parameters":[]}],"moveFrequency":3,"moveRoute":{"list":[{"code":0,"parameters":[]}],"repeat":true,"skippable":false,"wait":false},"moveSpeed":3,"moveType":0,"priorityType":1,"stepAnime":false,"through":false,"trigger":0,"walkAnime":true},{"conditions":{"actorId":1,"actorValid":false,"itemId":1,"itemValid":false,"selfSwitchCh":"A","selfSwitchValid":false,"switch1Id":166,"switch1Valid":true,"switch2Id":1,"switch2Valid":false,"variableId":1,"variableValid":false,"variableValue":0},"directionFix":false,"image":{"tileId":0,"characterName":"国民3","direction":4,"pattern":1,"characterIndex":3},"list":[{"code":0,"indent":0,"parameters":[]}],"moveFrequency":3,"moveRoute":{"list":[{"code":0,"parameters":[]}],"repeat":true,"skippable":false,"wait":false},"moveSpeed":3,"moveType":0,"priorityType":1,"stepAnime":false,"through":false,"trigger":0,"walkAnime":true}],"x":27,"y":8},
{"id":3,"name":"EV003","note":"","pages":[{"conditions":{"actorId":1,"actorValid":false,"itemId":1,"itemValid":false,"selfSwitchCh":"A","selfSwitchValid":false,"switch1Id":1,"switch1Valid":false,"switch2Id":1,"switch2Valid":false,"variableId":1,"variableValid":false,"variableValue":0},"directionFix":false,"image":{"characterIndex":0,"characterName":"","direction":2,"pattern":0,"tileId":0},"list":[{"code":205,"indent":0,"parameters":[-1,{"list":[{"code":39,"indent":null},{"code":37,"indent":null},{"code":0}],"repeat":false,"skippable":false,"wait":true}]},{"code":505,"indent":0,"parameters":[{"code":39,"indent":null}]},{"code":505,"indent":0,"parameters":[{"code":37,"indent":null}]},{"code":231,"indent":0,"parameters":[5,"340",0,0,0,0,50,50,255,0]},{"code":231,"indent":0,"parameters":[6,"341",0,0,0,0,50,50,255,0]},{"code":231,"indent":0,"parameters":[4,"339",0,0,0,0,50,50,255,0]},{"code":231,"indent":0,"parameters":[3,"338",0,0,0,0,50,50,255,0]},{"code":230,"indent":0,"parameters":[30]},{"code":246,"indent":0,"parameters":[10]},{"code":235,"indent":0,"parameters":[1]},{"code":235,"indent":0,"parameters":[3]},{"code":235,"indent":0,"parameters":[4]},{"code":235,"indent":0,"parameters":[5]},{"code":235,"indent":0,"parameters":[6]},{"code":241,"indent":0,"parameters":[{"name":"Scene4","volume":75,"pitch":100,"pan":0}]},{"code":230,"indent":0,"parameters":[60]},{"code":231,"indent":0,"parameters":[15,"黑色",0,0,0,0,100,100,255,0]},{"code":222,"indent":0,"parameters":[]},{"code":232,"indent":0,"parameters":[15,0,0,0,0,0,100,100,0,0,160,true]},{"code":230,"indent":0,"parameters":[80]},{"code":204,"indent":0,"parameters":[6,20,4]},{"code":230,"indent":0,"parameters":[300]},{"code":213,"indent":0,"parameters":[2,8,true]},{"code":101,"indent":0,"parameters":["和风（小偷2）",5,0,2]},{"code":401,"indent":0,"parameters":["【强盗】"]},{"code":401,"indent":0,"parameters":["哎哟...."]},{"code":230,"indent":0,"parameters":[60]},{"code":250,"indent":0,"parameters":[{"name":"Wind1","volume":55,"pitch":100,"pan":0}]},{"code":205,"indent":0,"parameters":[2,{"list":[{"code":16,"indent":null},{"code":41,"parameters":["和风（小偷）",2],"indent":null},{"code":0}],"repeat":false,"skippable":false,"wait":true}]},{"code":505,"indent":0,"parameters":[{"code":16,"indent":null}]},{"code":505,"indent":0,"parameters":[{"code":41,"parameters":["和风（小偷）",2],"indent":null}]},{"code":250,"indent":0,"parameters":[{"name":"1惊讶","volume":90,"pitch":100,"pan":0}]},{"code":213,"indent":0,"parameters":[2,1,true]},{"code":230,"indent":0,"parameters":[60]},{"code":356,"indent":0,"parameters":["shake_effects_event_id : 2 : 180"]},{"code":101,"indent":0,"parameters":["和风（小偷3）",6,0,2]},{"code":401,"indent":0,"parameters":["【强盗】"]},{"code":401,"indent":0,"parameters":["这里是....."]},{"code":101,"indent":0,"parameters":["和风（小偷3）",6,0,2]},{"code":401,"indent":0,"parameters":["【强盗】"]},{"code":401,"indent":0,"parameters":["神主大人的手上。"]},{"code":205,"indent":0,"parameters":[2,{"list":[{"code":17,"indent":null},{"code":15,"parameters":[60],"indent":null},{"code":18,"indent":null},{"code":15,"parameters":[60],"indent":null},{"code":16,"indent":null},{"code":15,"parameters":[60],"indent":null},{"code":0}],"repeat":false,"skippable":false,"wait":true}]},{"code":505,"indent":0,"parameters":[{"code":17,"indent":null}]},{"code":505,"indent":0,"parameters":[{"code":15,"parameters":[60],"indent":null}]},{"code":505,"indent":0,"parameters":[{"code":18,"indent":null}]},{"code":505,"indent":0,"parameters":[{"code":15,"parameters":[60],"indent":null}]},{"code":505,"indent":0,"parameters":[{"code":16,"indent":null}]},{"code":505,"indent":0,"parameters":[{"code":15,"parameters":[60],"indent":null}]},{"code":101,"indent":0,"parameters":["和风（小偷3）",6,0,2]},{"code":401,"indent":0,"parameters":["【强盗】"]},{"code":401,"indent":0,"parameters":["从这个高度摔下去的话一定会粉身碎骨的。"]},{"code":230,"indent":0,"parameters":[60]},{"code":231,"indent":0,"parameters":[1,"336",0,0,0,0,50,50,255,0]},{"code":230,"indent":0,"parameters":[90]},{"code":232,"indent":0,"parameters":[1,0,0,0,0,-550,50,50,255,0,360,true]},{"code":230,"indent":0,"parameters":[60]},{"code":205,"indent":0,"parameters":[2,{"list":[{"code":41,"parameters":["国民3",4],"indent":null},{"code":0}],"repeat":false,"skippable":false,"wait":false}]},{"code":505,"indent":0,"parameters":[{"code":41,"parameters":["国民3",4],"indent":null}]},{"code":121,"indent":0,"parameters":[161,161,0]},{"code":101,"indent":0,"parameters":["咲凛",4,1,0]},{"code":401,"indent":0,"parameters":["\\C[2]\\{山田先生...和村下先生。"]},{"code":101,"indent":0,"parameters":["咲凛",5,1,0]},{"code":401,"indent":0,"parameters":["\\C[2]\\{你们做好迎接处刑的"]},{"code":401,"indent":0,"parameters":["准备了吗？"]},{"code":230,"indent":0,"parameters":[60]},{"code":101,"indent":0,"parameters":["咲凛2",4,1,0]},{"code":401,"indent":0,"parameters":["\\C[2]\\{在处刑之前，按照惯例..."]},{"code":101,"indent":0,"parameters":["咲凛2",4,1,0]},{"code":401,"indent":0,"parameters":["\\C[2]\\{请你们先祛衣吧。"]},{"code":230,"indent":0,"parameters":[60]},{"code":250,"indent":0,"parameters":[{"name":"1咽口水","volume":90,"pitch":100,"pan":0}]},{"code":101,"indent":0,"parameters":["和风（小偷3）",6,0,2]},{"code":401,"indent":0,"parameters":["【强盗】"]},{"code":401,"indent":0,"parameters":["......."]},{"code":230,"indent":0,"parameters":[60]},{"code":235,"indent":0,"parameters":[1]},{"code":356,"indent":0,"parameters":["shake_effects_event_id : 2 : 580"]},{"code":230,"indent":0,"parameters":[60]},{"code":101,"indent":0,"parameters":["裸身小偷1",4,0,2]},{"code":401,"indent":0,"parameters":["【强盗】"]},{"code":401,"indent":0,"parameters":["神....神主大人..."]},{"code":230,"indent":0,"parameters":[60]},{"code":231,"indent":0,"parameters":[1,"337",0,0,0,0,50,50,255,0]},{"code":231,"indent":0,"parameters":[2,"343",0,0,0,0,50,50,255,0]},{"code":231,"indent":0,"parameters":[3,"338",0,0,0,0,50,50,255,0]},{"code":230,"indent":0,"parameters":[60]},{"code":232,"indent":0,"parameters":[2,0,0,0,0,0,50,50,0,0,160,true]},{"code":230,"indent":0,"parameters":[120]},{"code":101,"indent":0,"parameters":["裸身小偷1",4,0,2]},{"code":401,"indent":0,"parameters":["【强盗】"]},{"code":401,"indent":0,"parameters":["......."]},{"code":101,"indent":0,"parameters":["裸身小偷2",5,0,2]},{"code":401,"indent":0,"parameters":["【强盗】"]},{"code":401,"indent":0,"parameters":["我....我知道错了！"]},{"code":121,"indent":0,"parameters":[162,162,0]},{"code":230,"indent":0,"parameters":[160]},{"code":101,"indent":0,"parameters":["裸身小偷1",2,0,2]},{"code":401,"indent":0,"parameters":["【强盗】"]},{"code":401,"indent":0,"parameters":["神主大人！！！请饶了我吧！"]},{"code":230,"indent":0,"parameters":[60]},{"code":101,"indent":0,"parameters":["裸身小偷1",5,0,2]},{"code":401,"indent":0,"parameters":["【强盗】"]},{"code":401,"indent":0,"parameters":["我保证以后绝对不会再做这样的事情了。"]},{"code":230,"indent":0,"parameters":[60]},{"code":101,"indent":0,"parameters":["裸身小偷1",1,0,2]},{"code":401,"indent":0,"parameters":["【强盗】"]},{"code":401,"indent":0,"parameters":["再给我一次机会....再一次机会就行！"]},{"code":230,"indent":0,"parameters":[60]},{"code":101,"indent":0,"parameters":["裸身小偷1",5,0,2]},{"code":401,"indent":0,"parameters":["【强盗】"]},{"code":401,"indent":0,"parameters":["反正无论如何...请不要处刑我...."]},{"code":230,"indent":0,"parameters":[120]},{"code":101,"indent":0,"parameters":["",4,1,0]},{"code":401,"indent":0,"parameters":["\\C[2]\\{......"]},{"code":230,"indent":0,"parameters":[60]},{"code":101,"indent":0,"parameters":["",4,1,0]},{"code":401,"indent":0,"parameters":["\\C[2]\\{早知道会有这种结果，为什么"]},{"code":401,"indent":0,"parameters":["当初还要做这样的事呢？"]},{"code":230,"indent":0,"parameters":[60]},{"code":101,"indent":0,"parameters":["",4,1,0]},{"code":401,"indent":0,"parameters":["\\C[2]\\{还是说....."]},{"code":230,"indent":0,"parameters":[60]},{"code":101,"indent":0,"parameters":["",4,1,0]},{"code":401,"indent":0,"parameters":["\\C[10]\\{你以为能从我的手掌心里逃掉。"]},{"code":230,"indent":0,"parameters":[120]},{"code":121,"indent":0,"parameters":[162,162,1]},{"code":230,"indent":0,"parameters":[30]},{"code":235,"indent":0,"parameters":[4]},{"code":235,"indent":0,"parameters":[3]},{"code":235,"indent":0,"parameters":[1]},{"code":235,"indent":0,"parameters":[2]},{"code":230,"indent":0,"parameters":[60]},{"code":356,"indent":0,"parameters":["shake_effects_event_id : 2 : 580"]},{"code":250,"indent":0,"parameters":[{"name":"1惊讶","volume":90,"pitch":100,"pan":0}]},{"code":230,"indent":0,"parameters":[120]},{"code":101,"indent":0,"parameters":["裸身小偷1",1,0,2]},{"code":401,"indent":0,"parameters":["【强盗】"]},{"code":401,"indent":0,"parameters":["不...不是的！从来没有！！"]},{"code":230,"indent":0,"parameters":[60]},{"code":121,"indent":0,"parameters":[163,163,0]},{"code":235,"indent":0,"parameters":[3]},{"code":235,"indent":0,"parameters":[4]},{"code":230,"indent":0,"parameters":[120]},{"code":101,"indent":0,"parameters":["裸身小偷1",5,0,2]},{"code":401,"indent":0,"parameters":["【强盗】"]},{"code":401,"indent":0,"parameters":["我一直都是咲凛大人最忠实的信徒！"]},{"code":230,"indent":0,"parameters":[60]},{"code":101,"indent":0,"parameters":["裸身小偷1",1,0,2]},{"code":401,"indent":0,"parameters":["【强盗】"]},{"code":401,"indent":0,"parameters":["在您出生的那天，我还担任了神诞庆典"]},{"code":401,"indent":0,"parameters":["的鼓手，庆祝您的诞生呢。"]},{"code":230,"indent":0,"parameters":[60]},{"code":101,"indent":0,"parameters":["裸身小偷1",5,0,2]},{"code":401,"indent":0,"parameters":["【强盗】"]},{"code":401,"indent":0,"parameters":["求求您了！！饶了我吧！！！！"]},{"code":230,"indent":0,"parameters":[120]},{"code":101,"indent":0,"parameters":["咲凛",0,1,0]},{"code":401,"indent":0,"parameters":["\\C[2]\\{....."]},{"code":101,"indent":0,"parameters":["咲凛",2,1,0]},{"code":401,"indent":0,"parameters":["\\C[2]\\{身为神主，我喜爱桃源村的"]},{"code":401,"indent":0,"parameters":["每一位子民。"]},{"code":230,"indent":0,"parameters":[60]},{"code":101,"indent":0,"parameters":["咲凛2",4,1,0]},{"code":401,"indent":0,"parameters":["\\C[2]\\{但是，做了坏事就要受到惩罚。"]},{"code":101,"indent":0,"parameters":["咲凛2",6,1,0]},{"code":401,"indent":0,"parameters":["\\C[10]\\{这是桃源村自古以来的规矩。"]},{"code":230,"indent":0,"parameters":[60]},{"code":121,"indent":0,"parameters":[163,163,1]},{"code":231,"indent":0,"parameters":[6,"340",0,0,0,0,50,50,255,0]},{"code":250,"indent":0,"parameters":[{"name":"1惊讶","volume":90,"pitch":100,"pan":0}]},{"code":230,"indent":0,"parameters":[60]},{"code":101,"indent":0,"parameters":["裸身小偷1",1,0,2]},{"code":401,"indent":0,"parameters":["【强盗】"]},{"code":401,"indent":0,"parameters":["等...等等!"]},{"code":101,"indent":0,"parameters":["裸身小偷1",1,0,2]},{"code":401,"indent":0,"parameters":["【强盗】"]},{"code":401,"indent":0,"parameters":["咲凛大人...我..."]},{"code":230,"indent":0,"parameters":[30]},{"code":250,"indent":0,"parameters":[{"name":"捏扁","volume":100,"pitch":100,"pan":0}]},{"code":250,"indent":0,"parameters":[{"name":"捏紧","volume":100,"pitch":100,"pan":0}]},{"code":231,"indent":0,"parameters":[7,"342",0,0,0,0,50,50,255,0]},{"code":230,"indent":0,"parameters":[120]},{"code":101,"indent":0,"parameters":["",0,0,2]},{"code":401,"indent":0,"parameters":["\\{啊！！！！！"]},{"code":230,"indent":0,"parameters":[60]},{"code":245,"indent":0,"parameters":[{"name":"捏碎","volume":55,"pitch":100,"pan":0}]},{"code":231,"indent":0,"parameters":[8,"352",0,0,0,0,50,50,255,0]},{"code":225,"indent":0,"parameters":[3,6,999,false]},{"code":230,"indent":0,"parameters":[60]},{"code":101,"indent":0,"parameters":["",0,1,2]},{"code":401,"indent":0,"parameters":["如同巨兽一般的手指开始弯曲，慢慢包裹住我全身..."]},{"code":230,"indent":0,"parameters":[60]},{"code":101,"indent":0,"parameters":["",0,1,2]},{"code":401,"indent":0,"parameters":["视线越来越窄...直到天空被巨大的肉壁所覆盖..."]},{"code":230,"indent":0,"parameters":[60]},{"code":101,"indent":0,"parameters":["",0,1,2]},{"code":401,"indent":0,"parameters":["强大的压力从四面八方袭来..."]},{"code":230,"indent":0,"parameters":[60]},{"code":101,"indent":0,"parameters":["",0,1,2]},{"code":401,"indent":0,"parameters":["闷热的空气，混杂着少女的手汗..."]},{"code":230,"indent":0,"parameters":[60]},{"code":101,"indent":0,"parameters":["",0,1,2]},{"code":401,"indent":0,"parameters":["我像是一只虫子一样毫无反抗之力..."]},{"code":230,"indent":0,"parameters":[60]},{"code":101,"indent":0,"parameters":["",1,0,2]},{"code":401,"indent":0,"parameters":["【强盗】"]},{"code":401,"indent":0,"parameters":["快...\\.停下...\\.咲凛大人..."]},{"code":230,"indent":0,"parameters":[60]},{"code":101,"indent":0,"parameters":["",1,0,2]},{"code":401,"indent":0,"parameters":["【强盗】"]},{"code":401,"indent":0,"parameters":["再这样下去....\\.我会被....\\.捏烂的...."]},{"code":230,"indent":0,"parameters":[60]},{"code":101,"indent":0,"parameters":["",0,1,2]},{"code":401,"indent":0,"parameters":["强大的压力挤压着我的整个身体，"]},{"code":401,"indent":0,"parameters":["无法反抗，更无法呼吸..."]},{"code":230,"indent":0,"parameters":[60]},{"code":231,"indent":0,"parameters":[1,"344",0,0,0,0,50,50,255,0]},{"code":231,"indent":0,"parameters":[2,"377",0,0,0,0,50,50,255,0]},{"code":231,"indent":0,"parameters":[3,"378",0,0,0,0,50,50,0,0]},{"code":121,"indent":0,"parameters":[164,164,0]},{"code":230,"indent":0,"parameters":[60]},{"code":235,"indent":0,"parameters":[4]},{"code":235,"indent":0,"parameters":[5]},{"code":235,"indent":0,"parameters":[6]},{"code":235,"indent":0,"parameters":[7]},{"code":235,"indent":0,"parameters":[8]},{"code":230,"indent":0,"parameters":[120]},{"code":101,"indent":0,"parameters":["裸身小偷1",2,0,2]},{"code":401,"indent":0,"parameters":["【强盗】"]},{"code":401,"indent":0,"parameters":["唔....\\.唔唔....\\."]},{"code":101,"indent":0,"parameters":["裸身小偷1",2,0,2]},{"code":401,"indent":0,"parameters":["【强盗】"]},{"code":401,"indent":0,"parameters":["我全身上下的骨头....\\.就快要....\\."]},{"code":401,"indent":0,"parameters":["四分五裂了...."]},{"code":230,"indent":0,"parameters":[60]},{"code":101,"indent":0,"parameters":["裸身小偷1",2,0,2]},{"code":401,"indent":0,"parameters":["【强盗】"]},{"code":401,"indent":0,"parameters":["求求你....\\.快停下...."]},{"code":230,"indent":0,"parameters":[60]},{"code":245,"indent":0,"parameters":[{"name":"人数","volume":70,"pitch":100,"pan":0}]},{"code":121,"indent":0,"parameters":[165,165,0]},{"code":230,"indent":0,"parameters":[80]},{"code":101,"indent":0,"parameters":["",0,1,2]},{"code":401,"indent":0,"parameters":["犯人的惨叫声传满了整个广场..."]},{"code":230,"indent":0,"parameters":[120]},{"code":101,"indent":0,"parameters":["水手",0,0,2]},{"code":401,"indent":0,"parameters":["【游客】"]},{"code":401,"indent":0,"parameters":["这就是...传说中的手刑，"]},{"code":401,"indent":0,"parameters":["还真是名不虚传啊。"]},{"code":230,"indent":0,"parameters":[60]},{"code":101,"indent":0,"parameters":["和风2",5,0,2]},{"code":401,"indent":0,"parameters":["【村民】"]},{"code":401,"indent":0,"parameters":["捏烂他！！咲凛大人捏烂他！！"]},{"code":230,"indent":0,"parameters":[60]},{"code":101,"indent":0,"parameters":["SF_People2",4,0,2]},{"code":401,"indent":0,"parameters":["【游客】"]},{"code":401,"indent":0,"parameters":["那个犯人...会这样活生生被捏死吗？"]},{"code":230,"indent":0,"parameters":[60]},{"code":101,"indent":0,"parameters":["和风5",6,0,2]},{"code":401,"indent":0,"parameters":["【村民】"]},{"code":401,"indent":0,"parameters":["不会的，桃源村的处刑仪式是非常严格的，"]},{"code":401,"indent":0,"parameters":["会让犯人感到极度的痛苦，但又不会对他"]},{"code":401,"indent":0,"parameters":["的身体造成永久的伤害。"]},{"code":101,"indent":0,"parameters":["和风5",6,0,2]},{"code":401,"indent":0,"parameters":["【村民】"]},{"code":401,"indent":0,"parameters":["处刑的目的是为了惩罚犯人，而不是让"]},{"code":401,"indent":0,"parameters":["他们残疾甚至死亡。"]},{"code":101,"indent":0,"parameters":["和风5",6,0,2]},{"code":401,"indent":0,"parameters":["【村民】"]},{"code":401,"indent":0,"parameters":["为了掌握好这个力度，咲凛大人从小"]},{"code":401,"indent":0,"parameters":["就会手捏鹅卵石做练习。"]},{"code":230,"indent":0,"parameters":[60]},{"code":101,"indent":0,"parameters":["少女2",2,0,2]},{"code":401,"indent":0,"parameters":["【游客】"]},{"code":401,"indent":0,"parameters":["即便如此，处刑的过程还是让人觉得"]},{"code":401,"indent":0,"parameters":["心惊胆战呢..."]},{"code":230,"indent":0,"parameters":[60]},{"code":121,"indent":0,"parameters":[165,165,1]},{"code":230,"indent":0,"parameters":[3]},{"code":245,"indent":0,"parameters":[{"name":"捏碎","volume":55,"pitch":100,"pan":0}]},{"code":235,"indent":0,"parameters":[10]},{"code":230,"indent":0,"parameters":[260]},{"code":101,"indent":0,"parameters":["",1,0,2]},{"code":401,"indent":0,"parameters":["【强盗】"]},{"code":401,"indent":0,"parameters":["求求你....\\.我已经....\\.到极限了...."]},{"code":230,"indent":0,"parameters":[120]},{"code":246,"indent":0,"parameters":[2]},{"code":121,"indent":0,"parameters":[164,164,1]},{"code":230,"indent":0,"parameters":[3]},{"code":231,"indent":0,"parameters":[3,"344",0,0,0,0,50,50,255,0]},{"code":231,"indent":0,"parameters":[4,"348",0,0,0,0,50,50,255,0]},{"code":231,"indent":0,"parameters":[5,"345",0,0,0,0,50,50,255,0]},{"code":230,"indent":0,"parameters":[60]},{"code":101,"indent":0,"parameters":["",4,1,0]},{"code":401,"indent":0,"parameters":["\\C[2]\\{这可是惩罚。"]},{"code":101,"indent":0,"parameters":["",4,1,0]},{"code":401,"indent":0,"parameters":["\\C[2]\\{如果那么轻松就放过你的话,"]},{"code":401,"indent":0,"parameters":["就不叫处刑了吧。"]},{"code":101,"indent":0,"parameters":["",4,1,0]},{"code":401,"indent":0,"parameters":["\\C[2]\\{回去。"]},{"code":230,"indent":0,"parameters":[60]},{"code":101,"indent":0,"parameters":["裸身小偷2",5,0,2]},{"code":401,"indent":0,"parameters":["【强盗】"]},{"code":401,"indent":0,"parameters":["等一下！"]},{"code":231,"indent":0,"parameters":[6,"347",0,0,0,-450,50,50,255,0]},{"code":232,"indent":0,"parameters":[6,0,0,0,0,0,50,50,255,0,60,true]},{"code":250,"indent":0,"parameters":[{"name":"捏紧","volume":90,"pitch":100,"pan":0}]},{"code":235,"indent":0,"parameters":[5]},{"code":230,"indent":0,"parameters":[60]},{"code":250,"indent":0,"parameters":[{"name":"Wind1","volume":30,"pitch":100,"pan":0}]},{"code":232,"indent":0,"parameters":[6,0,0,0,0,-450,50,50,255,0,60,true]},{"code":230,"indent":0,"parameters":[60]},{"code":245,"indent":0,"parameters":[{"name":"捏碎","volume":55,"pitch":100,"pan":0}]},{"code":231,"indent":0,"parameters":[8,"352",0,0,0,0,50,50,255,0]},{"code":225,"indent":0,"parameters":[3,6,200,false]},{"code":230,"indent":0,"parameters":[60]},{"code":101,"indent":0,"parameters":["",1,0,2]},{"code":401,"indent":0,"parameters":["【强盗】"]},{"code":401,"indent":0,"parameters":["不....\\.\\.不要....\\.\\."]},{"code":230,"indent":0,"parameters":[60]},{"code":231,"indent":0,"parameters":[15,"黑色",0,0,0,0,100,100,0,0]},{"code":232,"indent":0,"parameters":[15,0,0,0,0,0,100,100,255,0,200,false]},{"code":101,"indent":0,"parameters":["",0,1,2]},{"code":401,"indent":0,"parameters":["意识正在逐渐远去...."]},{"code":101,"indent":0,"parameters":["",0,1,2]},{"code":401,"indent":0,"parameters":["周围的空间越来越窄，我变得越来越小..."]},{"code":101,"indent":0,"parameters":["",0,1,2]},{"code":401,"indent":0,"parameters":["感觉我就快要坍缩成世界上最小的一颗原子，然后消失掉..."]},{"code":230,"indent":0,"parameters":[60]},{"code":231,"indent":0,"parameters":[9,"342",0,0,0,0,50,50,255,0]},{"code":246,"indent":0,"parameters":[2]},{"code":225,"indent":0,"parameters":[1,1,1,true]},{"code":232,"indent":0,"parameters":[15,0,0,0,0,0,100,100,0,0,60,true]},{"code":230,"indent":0,"parameters":[120]},{"code":101,"indent":0,"parameters":["咲凛",0,1,0]},{"code":401,"indent":0,"parameters":["\\C[2]\\{......"]},{"code":101,"indent":0,"parameters":["咲凛",2,1,0]},{"code":401,"indent":0,"parameters":["\\C[2]\\{没有动静了？"]},{"code":230,"indent":0,"parameters":[60]},{"code":250,"indent":0,"parameters":[{"name":"Wind1","volume":60,"pitch":100,"pan":0}]},{"code":231,"indent":0,"parameters":[10,"350",0,0,0,0,50,50,255,0]},{"code":230,"indent":0,"parameters":[150]},{"code":101,"indent":0,"parameters":["咲凛",4,1,0]},{"code":401,"indent":0,"parameters":["\\C[2]\\{喂，你应该还没到极限吧。"]},{"code":101,"indent":0,"parameters":["咲凛",5,1,0]},{"code":401,"indent":0,"parameters":["\\C[2]\\{快起来。"]},{"code":101,"indent":0,"parameters":["咲凛",4,1,0]},{"code":401,"indent":0,"parameters":["\\C[2]\\{装死的话会面临更严厉"]},{"code":401,"indent":0,"parameters":["的处罚。"]},{"code":230,"indent":0,"parameters":[120]},{"code":101,"indent":0,"parameters":["裸身小偷1",5,0,2]},{"code":401,"indent":0,"parameters":["【强盗】"]},{"code":401,"indent":0,"parameters":["....."]},{"code":101,"indent":0,"parameters":["裸身小偷1",2,0,2]},{"code":401,"indent":0,"parameters":["【强盗】"]},{"code":401,"indent":0,"parameters":["咲凛大人....\\|我真的已经...\\|"]},{"code":230,"indent":0,"parameters":[60]},{"code":245,"indent":0,"parameters":[{"name":"捏碎","volume":55,"pitch":100,"pan":0}]},{"code":235,"indent":0,"parameters":[10]},{"code":230,"indent":0,"parameters":[120]},{"code":231,"indent":0,"parameters":[10,"352",0,0,0,0,50,50,255,0]},{"code":225,"indent":0,"parameters":[3,6,999,false]},{"code":230,"indent":0,"parameters":[60]},{"code":231,"indent":0,"parameters":[8,"351",0,0,0,0,50,50,255,0]},{"code":101,"indent":0,"parameters":["咲凛2",6,1,0]},{"code":401,"indent":0,"parameters":["\\C[10]\\{不可以..."]},{"code":230,"indent":0,"parameters":[60]},{"code":101,"indent":0,"parameters":["咲凛2",6,1,0]},{"code":401,"indent":0,"parameters":["\\C[10]\\{不会轻易原谅的..."]},{"code":230,"indent":0,"parameters":[60]},{"code":101,"indent":0,"parameters":["咲凛2",6,1,0]},{"code":401,"indent":0,"parameters":["\\C[10]\\{抢夺大家财产的坏人...."]},{"code":230,"indent":0,"parameters":[60]},{"code":101,"indent":0,"parameters":["",1,0,2]},{"code":401,"indent":0,"parameters":["【强盗】"]},{"code":401,"indent":0,"parameters":["唔.....\\|唔....\\|"]},{"code":230,"indent":0,"parameters":[60]},{"code":225,"indent":0,"parameters":[3,6,120,false]},{"code":232,"indent":0,"parameters":[15,0,0,0,0,0,100,100,255,0,260,true]},{"code":230,"indent":0,"parameters":[360]},{"code":231,"indent":0,"parameters":[9,"342",0,0,0,0,50,50,255,0]},{"code":235,"indent":0,"parameters":[10]},{"code":246,"indent":0,"parameters":[1]},{"code":230,"indent":0,"parameters":[80]},{"code":235,"indent":0,"parameters":[15]},{"code":230,"indent":0,"parameters":[60]},{"code":250,"indent":0,"parameters":[{"name":"Wind1","volume":50,"pitch":100,"pan":0}]},{"code":235,"indent":0,"parameters":[9]},{"code":230,"indent":0,"parameters":[170]},{"code":121,"indent":0,"parameters":[166,166,0]},{"code":101,"indent":0,"parameters":["咲凛",0,1,0]},{"code":401,"indent":0,"parameters":["\\C[2]\\{......"]},{"code":101,"indent":0,"parameters":["咲凛",2,1,0]},{"code":401,"indent":0,"parameters":["\\C[2]\\{已经奄奄一息了..."]},{"code":230,"indent":0,"parameters":[60]},{"code":101,"indent":0,"parameters":["咲凛2",4,1,0]},{"code":401,"indent":0,"parameters":["\\C[2]\\{那这次就到这里吧。"]},{"code":230,"indent":0,"parameters":[60]},{"code":235,"indent":0,"parameters":[2]},{"code":235,"indent":0,"parameters":[1]},{"code":235,"indent":0,"parameters":[3]},{"code":235,"indent":0,"parameters":[4]},{"code":235,"indent":0,"parameters":[5]},{"code":235,"indent":0,"parameters":[6]},{"code":235,"indent":0,"parameters":[7]},{"code":235,"indent":0,"parameters":[8]},{"code":235,"indent":0,"parameters":[9]},{"code":230,"indent":0,"parameters":[60]},{"code":101,"indent":0,"parameters":["咲凛",2,1,0]},{"code":401,"indent":0,"parameters":["\\C[2]\\{接下来..."]},{"code":230,"indent":0,"parameters":[60]},{"code":204,"indent":0,"parameters":[4,20,4]},{"code":230,"indent":0,"parameters":[320]},{"code":356,"indent":0,"parameters":["shake_effects_event_id : 1 : 280"]},{"code":230,"indent":0,"parameters":[60]},{"code":250,"indent":0,"parameters":[{"name":"Wind1","volume":45,"pitch":100,"pan":0}]},{"code":205,"indent":0,"parameters":[1,{"list":[{"code":16,"indent":null},{"code":0}],"repeat":false,"skippable":false,"wait":true}]},{"code":505,"indent":0,"parameters":[{"code":16,"indent":null}]},{"code":230,"indent":0,"parameters":[60]},{"code":101,"indent":0,"parameters":["裸身小偷2",1,0,2]},{"code":401,"indent":0,"parameters":["【强盗】"]},{"code":401,"indent":0,"parameters":["咲凛大人...求求你了..."]},{"code":101,"indent":0,"parameters":["裸身小偷2",1,0,2]},{"code":401,"indent":0,"parameters":["【强盗】"]},{"code":401,"indent":0,"parameters":["我不想变成那个样子！！！"]},{"code":230,"indent":0,"parameters":[60]},{"code":101,"indent":0,"parameters":["裸身小偷2",4,0,2]},{"code":401,"indent":0,"parameters":["【强盗】"]},{"code":401,"indent":0,"parameters":["请放过我把！！我什么都愿意做。"]},{"code":230,"indent":0,"parameters":[90]},{"code":101,"indent":0,"parameters":["咲凛",0,1,0]},{"code":401,"indent":0,"parameters":["\\C[2]\\{......"]},{"code":230,"indent":0,"parameters":[60]},{"code":245,"indent":0,"parameters":[{"name":"捏碎","volume":65,"pitch":100,"pan":0}]},{"code":231,"indent":0,"parameters":[1,"353",0,0,0,0,50,50,255,0]},{"code":230,"indent":0,"parameters":[120]},{"code":101,"indent":0,"parameters":["裸身小偷2",2,0,2]},{"code":401,"indent":0,"parameters":["【强盗】"]},{"code":401,"indent":0,"parameters":["\\{啊啊啊啊啊啊！！！！"]},{"code":230,"indent":0,"parameters":[60]},{"code":231,"indent":0,"parameters":[15,"黑色",0,0,0,0,100,100,0,0]},{"code":232,"indent":0,"parameters":[15,0,0,0,0,0,100,100,255,0,200,true]},{"code":230,"indent":0,"parameters":[60]},{"code":246,"indent":0,"parameters":[1]},{"code":235,"indent":0,"parameters":[1]},{"code":201,"indent":0,"parameters":[0,127,29,7,0,0]},{"code":123,"indent":0,"parameters":["A",0]},{"code":0,"indent":0,"parameters":[]}],"moveFrequency":3,"moveRoute":{"list":[{"code":0,"parameters":[]}],"repeat":true,"skippable":false,"wait":false},"moveSpeed":3,"moveType":0,"priorityType":0,"stepAnime":false,"through":false,"trigger":3,"walkAnime":true},{"conditions":{"actorId":1,"actorValid":false,"itemId":1,"itemValid":false,"selfSwitchCh":"A","selfSwitchValid":true,"switch1Id":1,"switch1Valid":false,"switch2Id":1,"switch2Valid":false,"variableId":1,"variableValid":false,"variableValue":0},"directionFix":false,"image":{"characterIndex":0,"characterName":"","direction":2,"pattern":0,"tileId":0},"list":[{"code":0,"indent":0,"parameters":[]}],"moveFrequency":3,"moveRoute":{"list":[{"code":0,"parameters":[]}],"repeat":true,"skippable":false,"wait":false},"moveSpeed":3,"moveType":0,"priorityType":0,"stepAnime":false,"through":false,"trigger":0,"walkAnime":true}],"x":8,"y":2},
{"id":4,"name":"EV004","note":"","pages":[{"conditions":{"actorId":1,"actorValid":false,"itemId":1,"itemValid":false,"selfSwitchCh":"A","selfSwitchValid":false,"switch1Id":161,"switch1Valid":true,"switch2Id":1,"switch2Valid":false,"variableId":1,"variableValid":false,"variableValue":0},"directionFix":false,"image":{"tileId":0,"characterName":"国民3","direction":2,"pattern":1,"characterIndex":6},"list":[{"code":0,"indent":0,"parameters":[]}],"moveFrequency":3,"moveRoute":{"list":[{"code":0,"parameters":[]}],"repeat":true,"skippable":false,"wait":false},"moveSpeed":3,"moveType":0,"priorityType":1,"stepAnime":false,"through":false,"trigger":0,"walkAnime":true},{"conditions":{"actorId":1,"actorValid":false,"itemId":1,"itemValid":false,"selfSwitchCh":"A","selfSwitchValid":false,"switch1Id":166,"switch1Valid":true,"switch2Id":1,"switch2Valid":false,"variableId":1,"variableValid":false,"variableValue":0},"directionFix":false,"image":{"tileId":0,"characterName":"国民3","direction":2,"pattern":2,"characterIndex":6},"list":[{"code":0,"indent":0,"parameters":[]}],"moveFrequency":3,"moveRoute":{"list":[{"code":0,"parameters":[]}],"repeat":true,"skippable":false,"wait":false},"moveSpeed":3,"moveType":0,"priorityType":1,"stepAnime":false,"through":false,"trigger":0,"walkAnime":true}],"x":26,"y":10},
{"id":5,"name":"EV005","note":"","pages":[{"conditions":{"actorId":1,"actorValid":false,"itemId":1,"itemValid":false,"selfSwitchCh":"A","selfSwitchValid":false,"switch1Id":161,"switch1Valid":true,"switch2Id":1,"switch2Valid":false,"variableId":1,"variableValid":false,"variableValue":0},"directionFix":false,"image":{"tileId":0,"characterName":"国民3","direction":2,"pattern":1,"characterIndex":6},"list":[{"code":0,"indent":0,"parameters":[]}],"moveFrequency":3,"moveRoute":{"list":[{"code":0,"parameters":[]}],"repeat":true,"skippable":false,"wait":false},"moveSpeed":3,"moveType":0,"priorityType":1,"stepAnime":false,"through":false,"trigger":0,"walkAnime":true}],"x":5,"y":10},
{"id":6,"name":"EV006","note":"","pages":[{"conditions":{"actorId":1,"actorValid":false,"itemId":1,"itemValid":false,"selfSwitchCh":"A","selfSwitchValid":false,"switch1Id":162,"switch1Valid":true,"switch2Id":1,"switch2Valid":false,"variableId":1,"variableValid":false,"variableValue":0},"directionFix":false,"image":{"characterIndex":0,"characterName":"","direction":2,"pattern":0,"tileId":0},"list":[{"code":250,"indent":0,"parameters":[{"name":"Blow2","volume":35,"pitch":100,"pan":0}]},{"code":231,"indent":0,"parameters":[4,"339",0,0,0,0,50,50,255,0]},{"code":235,"indent":0,"parameters":[3]},{"code":230,"indent":0,"parameters":[30]},{"code":231,"indent":0,"parameters":[3,"338",0,0,0,0,50,50,255,0]},{"code":235,"indent":0,"parameters":[4]},{"code":230,"indent":0,"parameters":[30]},{"code":0,"indent":0,"parameters":[]}],"moveFrequency":3,"moveRoute":{"list":[{"code":0,"parameters":[]}],"repeat":true,"skippable":false,"wait":false},"moveSpeed":3,"moveType":0,"priorityType":0,"stepAnime":false,"through":false,"trigger":4,"walkAnime":true}],"x":11,"y":2},
{"id":7,"name":"EV007","note":"","pages":[{"conditions":{"actorId":1,"actorValid":false,"itemId":1,"itemValid":false,"selfSwitchCh":"A","selfSwitchValid":false,"switch1Id":163,"switch1Valid":true,"switch2Id":1,"switch2Valid":false,"variableId":1,"variableValid":false,"variableValue":0},"directionFix":false,"image":{"characterIndex":0,"characterName":"","direction":2,"pattern":0,"tileId":0},"list":[{"code":250,"indent":0,"parameters":[{"name":"Blow2","volume":35,"pitch":100,"pan":0}]},{"code":231,"indent":0,"parameters":[5,"341",0,0,0,0,50,50,255,0]},{"code":235,"indent":0,"parameters":[6]},{"code":230,"indent":0,"parameters":[30]},{"code":231,"indent":0,"parameters":[6,"340",0,0,0,0,50,50,255,0]},{"code":235,"indent":0,"parameters":[5]},{"code":230,"indent":0,"parameters":[30]},{"code":0,"indent":0,"parameters":[]}],"moveFrequency":3,"moveRoute":{"list":[{"code":0,"parameters":[]}],"repeat":true,"skippable":false,"wait":false},"moveSpeed":3,"moveType":0,"priorityType":0,"stepAnime":false,"through":false,"trigger":4,"walkAnime":true}],"x":14,"y":2},
{"id":8,"name":"EV008","note":"","pages":[{"conditions":{"actorId":1,"actorValid":false,"itemId":1,"itemValid":false,"selfSwitchCh":"A","selfSwitchValid":false,"switch1Id":164,"switch1Valid":true,"switch2Id":1,"switch2Valid":false,"variableId":1,"variableValid":false,"variableValue":0},"directionFix":false,"image":{"characterIndex":0,"characterName":"","direction":2,"pattern":0,"tileId":0},"list":[{"code":232,"indent":0,"parameters":[3,0,0,0,0,0,50,50,255,0,40,true]},{"code":230,"indent":0,"parameters":[120]},{"code":232,"indent":0,"parameters":[3,0,0,0,0,0,50,50,0,0,40,true]},{"code":230,"indent":0,"parameters":[120]},{"code":0,"indent":0,"parameters":[]}],"moveFrequency":3,"moveRoute":{"list":[{"code":0,"parameters":[]}],"repeat":true,"skippable":false,"wait":false},"moveSpeed":3,"moveType":0,"priorityType":0,"stepAnime":false,"through":false,"trigger":4,"walkAnime":true}],"x":17,"y":2},
{"id":9,"name":"EV009","note":"","pages":[{"conditions":{"actorId":1,"actorValid":false,"itemId":1,"itemValid":false,"selfSwitchCh":"A","selfSwitchValid":false,"switch1Id":165,"switch1Valid":true,"switch2Id":1,"switch2Valid":false,"variableId":1,"variableValid":false,"variableValue":0},"directionFix":false,"image":{"characterIndex":0,"characterName":"","direction":2,"pattern":0,"tileId":0},"list":[{"code":231,"indent":0,"parameters":[10,"349",0,0,0,0,100,100,255,0]},{"code":232,"indent":0,"parameters":[10,0,0,0,-600,0,100,100,255,0,999,true]},{"code":232,"indent":0,"parameters":[10,0,0,0,-1200,0,100,100,255,0,999,true]},{"code":123,"indent":0,"parameters":["A",0]},{"code":0,"indent":0,"parameters":[]}],"moveFrequency":3,"moveRoute":{"list":[{"code":0,"parameters":[]}],"repeat":true,"skippable":false,"wait":false},"moveSpeed":3,"moveType":0,"priorityType":0,"stepAnime":false,"through":false,"trigger":4,"walkAnime":true},{"conditions":{"actorId":1,"actorValid":false,"itemId":1,"itemValid":false,"selfSwitchCh":"A","selfSwitchValid":true,"switch1Id":1,"switch1Valid":false,"switch2Id":1,"switch2Valid":false,"variableId":1,"variableValid":false,"variableValue":0},"directionFix":false,"image":{"characterIndex":0,"characterName":"","direction":2,"pattern":0,"tileId":0},"list":[{"code":0,"indent":0,"parameters":[]}],"moveFrequency":3,"moveRoute":{"list":[{"code":0,"parameters":[]}],"repeat":true,"skippable":false,"wait":false},"moveSpeed":3,"moveType":0,"priorityType":0,"stepAnime":false,"through":false,"trigger":0,"walkAnime":true}],"x":20,"y":2}
]
}