{
"autoplayBgm":false,"autoplayBgs":false,"battleback1Name":"","battleback2Name":"","bgm":{"name":"","pan":0,"pitch":100,"volume":90},"bgs":{"name":"","pan":0,"pitch":100,"volume":90},"disableDashing":false,"displayName":"","encounterList":[],"encounterStep":30,"height":13,"note":"","parallaxLoopX":false,"parallaxLoopY":false,"parallaxName":"Ocean1","parallaxShow":true,"parallaxSx":0,"parallaxSy":0,"scrollType":2,"specifyBattleback":false,"tilesetId":33,"width":17,
"data":[0,0,0,0,0,0,0,0,0,0,0,0,0,0,0,0,0,0,0,0,0,0,0,0,0,0,0,0,0,0,0,0,0,0,0,0,0,0,0,0,0,0,0,0,0,0,0,0,0,0,0,0,0,0,0,0,0,0,0,0,0,0,0,0,0,0,0,0,0,0,0,0,0,0,0,0,0,0,0,0,0,0,0,0,0,0,0,0,0,0,0,0,0,0,0,0,0,0,0,0,0,0,0,0,0,0,0,0,0,0,0,0,0,0,0,0,0,0,0,3268,3268,3268,3268,3268,3268,3268,3268,3268,3268,3268,3268,3268,3268,3268,3268,3268,3276,3276,3276,3276,3276,3276,3276,3276,3276,3276,3276,3276,3276,3276,3276,3276,3276,2884,2884,2884,2884,2884,2884,2884,2884,2884,2884,2884,2884,2884,2884,2884,2884,2884,2892,2892,2892,2892,2892,2892,2892,2892,2892,2892,2892,2892,2892,2892,2892,2892,2892,3281,3281,3281,3281,3281,3281,3281,3281,3281,3281,3281,3281,3281,3281,3281,3281,3281,7867,7866,7866,7866,7866,7866,7866,7866,7866,7866,7866,7866,7866,7866,7866,7866,7870,0,0,0,0,0,0,0,0,0,0,0,0,0,0,0,0,0,0,0,0,0,0,0,0,0,0,0,0,0,0,0,0,0,0,0,0,0,0,0,0,0,0,0,0,0,0,0,0,0,0,0,0,0,0,0,0,0,0,0,0,0,0,0,0,0,0,0,0,0,0,0,0,0,0,0,0,0,0,0,0,0,0,0,0,0,0,0,0,0,0,0,0,0,0,0,0,0,0,0,0,0,0,3521,3521,3521,3521,3521,3521,3521,3521,3521,3521,3521,3521,3521,3521,3521,3521,3521,0,0,0,0,0,0,0,0,0,0,0,0,0,0,0,0,0,0,0,0,0,0,0,0,0,0,0,0,0,0,0,0,0,0,0,0,0,0,0,0,0,0,0,0,0,0,0,0,0,0,0,0,0,0,0,0,0,0,0,0,0,0,0,0,0,0,0,0,0,0,0,0,0,0,0,0,0,0,0,0,0,0,0,0,0,0,0,0,0,0,0,0,0,0,0,0,0,0,0,0,0,0,0,0,0,0,0,0,0,0,0,0,0,0,0,0,0,0,0,0,0,0,0,0,0,0,0,0,0,0,0,0,0,0,0,0,0,0,0,0,0,0,0,0,0,0,0,0,0,0,0,0,0,0,0,0,0,0,0,0,0,0,0,0,0,0,0,0,0,0,0,0,0,0,0,0,0,0,0,0,0,0,0,0,0,0,0,0,0,0,0,0,0,0,0,0,0,0,0,0,0,0,0,0,0,0,0,0,0,0,0,0,0,0,0,0,0,0,0,0,0,0,0,0,0,0,0,0,0,0,0,0,0,0,0,0,0,0,0,0,0,0,0,0,0,0,0,0,0,0,0,0,0,0,0,0,0,0,0,0,0,0,0,0,0,0,0,0,0,0,0,0,0,0,0,0,0,0,0,0,0,0,0,0,0,0,0,0,0,0,0,0,0,0,0,0,0,0,0,0,0,0,0,0,0,0,0,0,0,0,0,0,0,0,0,0,0,0,0,0,0,0,0,0,0,0,0,0,0,0,0,0,0,0,0,0,0,0,0,0,0,0,0,0,0,0,0,0,0,0,0,0,0,0,0,0,0,0,0,0,0,0,0,0,0,0,0,0,0,0,0,0,0,0,0,0,0,0,0,0,0,0,0,0,0,0,0,0,0,0,0,0,0,0,0,0,0,0,0,0,0,0,0,0,0,0,0,0,0,0,0,0,0,0,0,0,0,0,0,0,0,0,0,0,0,0,0,112,113,116,117,0,0,0,0,0,0,93,0,0,0,0,0,0,120,121,124,125,0,0,0,0,0,0,101,0,0,0,0,0,0,0,0,0,0,0,0,0,0,0,0,0,0,0,0,0,0,0,0,0,0,0,0,0,0,0,0,0,0,0,0,0,0,0,0,0,0,0,0,0,0,0,0,0,0,0,0,0,0,0,0,0,0,0,0,0,0,0,0,0,0,0,0,0,0,0,0,0,0,0,0,0,0,0,0,0,0,0,0,0,0,0,0,0,0,0,0,0,0,0,0,0,0,0,0,0,0,0,0,0,0,0,0,0,0,0,0,0,0,0,0,0,0,0,0,0,0,0,0,0,0,0,0,0,0,0,0,0,0,0,0,0,0,0,0,0,0,0,0,0,0,0,0,0,0,0,0,0,0,0,0,0,0,0,0,0,0,0,0,0,0,0,0,0,0,0,0,0,0,0,0,0,0,0,0,0,0,0,0,0,0,0,0,0,0,0,0,0,0,0,0,0,0,0,0,0,0,0,0,0,0,0,0,0,0,0,0,0,0,0,0,0,0,0,0,0,0,0,0,0,0,0,0,0,0,0,0,0,0,0,0,0,0,0,0,0,0,0,0,0,0,0,0,0,0,0,0,0,0,0,0,0,0,0,0,0,0,0,0,0,0,0,0,0,0,0,0,0,0,0,0,0,0,0,0,0,0,0,0,0,0,0,0,0,0,0,0,0,0,0,0,0,0,0,0,0,0,0,0,0,0,0,0,0,0,0,0,0,0,0,0,0,0,0,0,0,0,0,0,0,0,0,0,0,0,0,0,0,0,0,0,0,0,0,0,0,0,0,0,0,0,0,0,0,0,0,0,0,0,0,0,0,0,0,0,0,0,0,0,0,0,0,0,0,0,0,0,0,0,0,0,0,0,0,0,0,0,0,0,0,0,0,0,0,0,0,0,0,0,0,0,0,0,0,0,0,0,0,0,0,0,0,0,0,0,0,0,0,0,0,0,0,0,0,0,0,0,0,0,0,0,0,0,0,0,0,0,0,0,0,0,0,0,0,0,0,0,0,0,0,0,0,0,0,0,0,0,0,0,0,0,0,0,0,0,0,0,0,0,0,0,0,0,0,0,0,0,0,0,0,0,0,0,0,0,0,0,0,0,0,0,0,0,0,0,0,0,0,0,0,0,0,0,0,0,0,0,0,0,0,0,0,0,0,0,0,0,0,0,0,0,0,0,0,0,0,0,0,0,0,0,0,0,0,0,0],
"events":[
null,
{"id":1,"name":"强盗","note":"","pages":[{"conditions":{"actorId":1,"actorValid":false,"itemId":1,"itemValid":false,"selfSwitchCh":"A","selfSwitchValid":false,"switch1Id":151,"switch1Valid":true,"switch2Id":1,"switch2Valid":false,"variableId":1,"variableValid":false,"variableValue":0},"directionFix":false,"image":{"tileId":0,"characterName":"和风（小偷）","direction":8,"pattern":1,"characterIndex":0},"list":[{"code":0,"indent":0,"parameters":[]}],"moveFrequency":3,"moveRoute":{"list":[{"code":0,"parameters":[]}],"repeat":true,"skippable":false,"wait":false},"moveSpeed":3,"moveType":0,"priorityType":1,"stepAnime":false,"through":false,"trigger":0,"walkAnime":true}],"x":0,"y":0},
{"id":2,"name":"EV002","note":"","pages":[{"conditions":{"actorId":1,"actorValid":false,"itemId":1,"itemValid":false,"selfSwitchCh":"A","selfSwitchValid":false,"switch1Id":1,"switch1Valid":false,"switch2Id":1,"switch2Valid":false,"variableId":1,"variableValid":false,"variableValue":0},"directionFix":false,"image":{"characterIndex":0,"characterName":"","direction":2,"pattern":0,"tileId":0},"list":[{"code":205,"indent":0,"parameters":[-1,{"list":[{"code":41,"parameters":["$货车",0],"indent":null},{"code":32,"indent":null},{"code":34,"indent":null},{"code":40,"indent":null},{"code":30,"parameters":[5],"indent":null},{"code":29,"parameters":[6],"indent":null},{"code":0}],"repeat":false,"skippable":false,"wait":true}]},{"code":505,"indent":0,"parameters":[{"code":41,"parameters":["$货车",0],"indent":null}]},{"code":505,"indent":0,"parameters":[{"code":32,"indent":null}]},{"code":505,"indent":0,"parameters":[{"code":34,"indent":null}]},{"code":505,"indent":0,"parameters":[{"code":40,"indent":null}]},{"code":505,"indent":0,"parameters":[{"code":30,"parameters":[5],"indent":null}]},{"code":505,"indent":0,"parameters":[{"code":29,"parameters":[6],"indent":null}]},{"code":123,"indent":0,"parameters":["A",0]},{"code":0,"indent":0,"parameters":[]}],"moveFrequency":3,"moveRoute":{"list":[{"code":0,"parameters":[]}],"repeat":true,"skippable":false,"wait":false},"moveSpeed":3,"moveType":0,"priorityType":0,"stepAnime":false,"through":false,"trigger":4,"walkAnime":true},{"conditions":{"actorId":1,"actorValid":false,"itemId":1,"itemValid":false,"selfSwitchCh":"A","selfSwitchValid":true,"switch1Id":1,"switch1Valid":false,"switch2Id":1,"switch2Valid":false,"variableId":1,"variableValid":false,"variableValue":0},"directionFix":false,"image":{"characterIndex":0,"characterName":"","direction":2,"pattern":0,"tileId":0},"list":[{"code":205,"indent":0,"parameters":[-1,{"list":[{"code":2,"indent":null},{"code":0}],"repeat":true,"skippable":false,"wait":false}]},{"code":505,"indent":0,"parameters":[{"code":2,"indent":null}]},{"code":0,"indent":0,"parameters":[]}],"moveFrequency":3,"moveRoute":{"list":[{"code":0,"parameters":[]}],"repeat":true,"skippable":false,"wait":false},"moveSpeed":3,"moveType":0,"priorityType":0,"stepAnime":false,"through":false,"trigger":4,"walkAnime":true},{"conditions":{"actorId":1,"actorValid":false,"itemId":1,"itemValid":false,"selfSwitchCh":"A","selfSwitchValid":false,"switch1Id":150,"switch1Valid":true,"switch2Id":1,"switch2Valid":false,"variableId":1,"variableValid":false,"variableValue":0},"directionFix":false,"image":{"characterIndex":0,"characterName":"","direction":2,"pattern":0,"tileId":0},"list":[{"code":205,"indent":0,"parameters":[-1,{"list":[{"code":17,"indent":null},{"code":0}],"repeat":false,"skippable":false,"wait":true}]},{"code":505,"indent":0,"parameters":[{"code":17,"indent":null}]},{"code":0,"indent":0,"parameters":[]}],"moveFrequency":3,"moveRoute":{"list":[{"code":0,"parameters":[]}],"repeat":true,"skippable":false,"wait":false},"moveSpeed":3,"moveType":0,"priorityType":0,"stepAnime":false,"through":false,"trigger":0,"walkAnime":true}],"x":9,"y":3},
{"id":3,"name":"EV003","note":"","pages":[{"conditions":{"actorId":1,"actorValid":false,"itemId":1,"itemValid":false,"selfSwitchCh":"A","selfSwitchValid":false,"switch1Id":1,"switch1Valid":false,"switch2Id":1,"switch2Valid":false,"variableId":1,"variableValid":false,"variableValue":0},"directionFix":false,"image":{"characterIndex":0,"characterName":"","direction":2,"pattern":0,"tileId":0},"list":[{"code":223,"indent":0,"parameters":[[0,0,0,0],1,false]},{"code":241,"indent":0,"parameters":[{"name":"JGSM_BGM17_Angry","volume":40,"pitch":100,"pan":0}]},{"code":235,"indent":0,"parameters":[1]},{"code":245,"indent":0,"parameters":[{"name":"汽车内行驶","volume":100,"pitch":100,"pan":0}]},{"code":230,"indent":0,"parameters":[60]},{"code":222,"indent":0,"parameters":[]},{"code":230,"indent":0,"parameters":[120]},{"code":213,"indent":0,"parameters":[-1,8,true]},{"code":101,"indent":0,"parameters":["和风（小偷2）",2,0,2]},{"code":401,"indent":0,"parameters":["【强盗】"]},{"code":401,"indent":0,"parameters":["老大...老三他被抓住了..."]},{"code":230,"indent":0,"parameters":[60]},{"code":101,"indent":0,"parameters":["和风（小偷1）",1,0,2]},{"code":401,"indent":0,"parameters":["【强盗】"]},{"code":401,"indent":0,"parameters":["....."]},{"code":101,"indent":0,"parameters":["和风（小偷1）",0,0,2]},{"code":401,"indent":0,"parameters":["【强盗】"]},{"code":401,"indent":0,"parameters":["没有办法，你也知道如果我们被"]},{"code":401,"indent":0,"parameters":["抓住的话会有怎样的后果吧。"]},{"code":101,"indent":0,"parameters":["和风（小偷1）",1,0,2]},{"code":401,"indent":0,"parameters":["【强盗】"]},{"code":401,"indent":0,"parameters":["开快一点，那个巨人快要追上来了。"]},{"code":230,"indent":0,"parameters":[60]},{"code":101,"indent":0,"parameters":["和风（小偷2）",3,0,2]},{"code":401,"indent":0,"parameters":["【强盗】"]},{"code":401,"indent":0,"parameters":["是！"]},{"code":230,"indent":0,"parameters":[120]},{"code":250,"indent":0,"parameters":[{"name":"Explosion2","volume":40,"pitch":100,"pan":0}]},{"code":225,"indent":0,"parameters":[5,5,60,false]},{"code":230,"indent":0,"parameters":[140]},{"code":250,"indent":0,"parameters":[{"name":"Explosion2","volume":70,"pitch":100,"pan":0}]},{"code":225,"indent":0,"parameters":[7,7,60,false]},{"code":230,"indent":0,"parameters":[140]},{"code":250,"indent":0,"parameters":[{"name":"Wind10","volume":50,"pitch":100,"pan":0}]},{"code":230,"indent":0,"parameters":[120]},{"code":231,"indent":0,"parameters":[1,"330",0,0,0,-400,100,100,255,0]},{"code":232,"indent":0,"parameters":[1,0,0,0,0,0,100,100,255,0,30,true]},{"code":246,"indent":0,"parameters":[1]},{"code":250,"indent":0,"parameters":[{"name":"可爱1","volume":90,"pitch":100,"pan":0}]},{"code":121,"indent":0,"parameters":[150,150,0]},{"code":205,"indent":0,"parameters":[-1,{"list":[{"code":17,"indent":null},{"code":0}],"repeat":false,"skippable":false,"wait":true}]},{"code":505,"indent":0,"parameters":[{"code":17,"indent":null}]},{"code":0,"indent":0,"parameters":[]}],"moveFrequency":3,"moveRoute":{"list":[{"code":0,"parameters":[]}],"repeat":true,"skippable":false,"wait":false},"moveSpeed":3,"moveType":0,"priorityType":0,"stepAnime":false,"through":false,"trigger":3,"walkAnime":true},{"conditions":{"actorId":1,"actorValid":false,"itemId":1,"itemValid":false,"selfSwitchCh":"A","selfSwitchValid":false,"switch1Id":150,"switch1Valid":true,"switch2Id":1,"switch2Valid":false,"variableId":1,"variableValid":false,"variableValue":0},"directionFix":false,"image":{"characterIndex":0,"characterName":"","direction":2,"pattern":0,"tileId":0},"list":[{"code":230,"indent":0,"parameters":[60]},{"code":250,"indent":0,"parameters":[{"name":"1惊讶","volume":90,"pitch":100,"pan":0}]},{"code":101,"indent":0,"parameters":["和风（小偷2）",2,0,2]},{"code":401,"indent":0,"parameters":["【强盗】"]},{"code":401,"indent":0,"parameters":["！！！！！！"]},{"code":230,"indent":0,"parameters":[60]},{"code":101,"indent":0,"parameters":["小超萌2",2,1,0]},{"code":401,"indent":0,"parameters":["\\C[27]\\{到此为止了！"]},{"code":101,"indent":0,"parameters":["小超萌4",6,1,0]},{"code":401,"indent":0,"parameters":["\\C[27]\\{我不会让你们离开的，"]},{"code":401,"indent":0,"parameters":["乖乖待在车子里吧！"]},{"code":230,"indent":0,"parameters":[100]},{"code":101,"indent":0,"parameters":["和风（小偷2）",2,0,2]},{"code":401,"indent":0,"parameters":["【强盗】"]},{"code":401,"indent":0,"parameters":["老，老大，怎么办！"]},{"code":230,"indent":0,"parameters":[60]},{"code":101,"indent":0,"parameters":["和风（小偷1）",2,0,2]},{"code":401,"indent":0,"parameters":["【强盗】"]},{"code":401,"indent":0,"parameters":["可恶..."]},{"code":203,"indent":0,"parameters":[1,0,8,10,8]},{"code":203,"indent":0,"parameters":[4,0,8,8,2]},{"code":101,"indent":0,"parameters":["和风（小偷1）",2,0,2]},{"code":401,"indent":0,"parameters":["【强盗】"]},{"code":401,"indent":0,"parameters":["没办法了，下车！"]},{"code":230,"indent":0,"parameters":[60]},{"code":201,"indent":0,"parameters":[0,121,8,9,4,0]},{"code":205,"indent":0,"parameters":[-1,{"list":[{"code":41,"parameters":["$货车",0],"indent":null},{"code":0}],"repeat":false,"skippable":false,"wait":true}]},{"code":505,"indent":0,"parameters":[{"code":41,"parameters":["$货车",0],"indent":null}]},{"code":250,"indent":0,"parameters":[{"name":"开关门","volume":90,"pitch":100,"pan":0}]},{"code":230,"indent":0,"parameters":[20]},{"code":250,"indent":0,"parameters":[{"name":"开关门","volume":90,"pitch":100,"pan":0}]},{"code":121,"indent":0,"parameters":[151,151,0]},{"code":205,"indent":0,"parameters":[4,{"list":[{"code":3,"indent":null},{"code":3,"indent":null},{"code":19,"indent":null},{"code":0}],"repeat":false,"skippable":false,"wait":true}]},{"code":505,"indent":0,"parameters":[{"code":3,"indent":null}]},{"code":505,"indent":0,"parameters":[{"code":3,"indent":null}]},{"code":505,"indent":0,"parameters":[{"code":19,"indent":null}]},{"code":101,"indent":0,"parameters":["小超萌5",1,1,0]},{"code":401,"indent":0,"parameters":["\\C[27]\\{你...你们要干什么！"]},{"code":401,"indent":0,"parameters":["不准乱动哦。"]},{"code":101,"indent":0,"parameters":["小超萌5",0,1,0]},{"code":401,"indent":0,"parameters":["\\C[27]\\{你们这么小，我随时都可以"]},{"code":401,"indent":0,"parameters":["像捏蚂蚁一样..."]},{"code":230,"indent":0,"parameters":[60]},{"code":213,"indent":0,"parameters":[1,5,true]},{"code":101,"indent":0,"parameters":["和风（小偷1）",2,0,2]},{"code":401,"indent":0,"parameters":["【强盗】"]},{"code":401,"indent":0,"parameters":["臭女人，你是巨大少女协会的对吧。"]},{"code":101,"indent":0,"parameters":["和风（小偷1）",0,0,2]},{"code":401,"indent":0,"parameters":["【强盗】"]},{"code":401,"indent":0,"parameters":["你没有资格碰我们！"]},{"code":101,"indent":0,"parameters":["和风（小偷1）",0,0,2]},{"code":401,"indent":0,"parameters":["【强盗】"]},{"code":401,"indent":0,"parameters":["如果你敢碰我们一下，我就上告"]},{"code":401,"indent":0,"parameters":["巨大少女协会，说你非法监禁小人。"]},{"code":230,"indent":0,"parameters":[60]},{"code":250,"indent":0,"parameters":[{"name":"1惊讶","volume":90,"pitch":100,"pan":0}]},{"code":101,"indent":0,"parameters":["小超萌5",7,1,0]},{"code":401,"indent":0,"parameters":["\\C[27]\\{诶！？你说什么？"]},{"code":101,"indent":0,"parameters":["小超萌5",7,1,0]},{"code":401,"indent":0,"parameters":["\\C[27]\\{我才没有...."]},{"code":230,"indent":0,"parameters":[60]},{"code":101,"indent":0,"parameters":["和风（小偷1）",5,0,2]},{"code":401,"indent":0,"parameters":["【强盗】"]},{"code":401,"indent":0,"parameters":["老二，趁现在！"]},{"code":101,"indent":0,"parameters":["和风（小偷1）",2,0,2]},{"code":401,"indent":0,"parameters":["【强盗】"]},{"code":401,"indent":0,"parameters":["快把钱都拿走！"]},{"code":205,"indent":0,"parameters":[4,{"list":[{"code":29,"parameters":[5],"indent":null},{"code":1,"indent":null},{"code":17,"indent":null},{"code":0}],"repeat":false,"skippable":false,"wait":true}]},{"code":505,"indent":0,"parameters":[{"code":29,"parameters":[5],"indent":null}]},{"code":505,"indent":0,"parameters":[{"code":1,"indent":null}]},{"code":505,"indent":0,"parameters":[{"code":17,"indent":null}]},{"code":205,"indent":0,"parameters":[1,{"list":[{"code":29,"parameters":[5],"indent":null},{"code":3,"indent":null},{"code":19,"indent":null},{"code":0}],"repeat":false,"skippable":false,"wait":true}]},{"code":505,"indent":0,"parameters":[{"code":29,"parameters":[5],"indent":null}]},{"code":505,"indent":0,"parameters":[{"code":3,"indent":null}]},{"code":505,"indent":0,"parameters":[{"code":19,"indent":null}]},{"code":250,"indent":0,"parameters":[{"name":"Coin","volume":55,"pitch":100,"pan":0}]},{"code":205,"indent":0,"parameters":[4,{"list":[{"code":41,"parameters":["神女",3],"indent":null},{"code":0}],"repeat":false,"skippable":false,"wait":false}]},{"code":505,"indent":0,"parameters":[{"code":41,"parameters":["神女",3],"indent":null}]},{"code":205,"indent":0,"parameters":[1,{"list":[{"code":41,"parameters":["神女",2],"indent":null},{"code":0}],"repeat":false,"skippable":false,"wait":true}]},{"code":505,"indent":0,"parameters":[{"code":41,"parameters":["神女",2],"indent":null}]},{"code":230,"indent":0,"parameters":[30]},{"code":250,"indent":0,"parameters":[{"name":"跑掉","volume":90,"pitch":100,"pan":0}]},{"code":205,"indent":0,"parameters":[1,{"list":[{"code":2,"indent":null},{"code":2,"indent":null},{"code":2,"indent":null},{"code":2,"indent":null},{"code":2,"indent":null},{"code":2,"indent":null},{"code":2,"indent":null},{"code":2,"indent":null},{"code":2,"indent":null},{"code":37,"indent":null},{"code":39,"indent":null},{"code":0}],"repeat":false,"skippable":false,"wait":false}]},{"code":505,"indent":0,"parameters":[{"code":2,"indent":null}]},{"code":505,"indent":0,"parameters":[{"code":2,"indent":null}]},{"code":505,"indent":0,"parameters":[{"code":2,"indent":null}]},{"code":505,"indent":0,"parameters":[{"code":2,"indent":null}]},{"code":505,"indent":0,"parameters":[{"code":2,"indent":null}]},{"code":505,"indent":0,"parameters":[{"code":2,"indent":null}]},{"code":505,"indent":0,"parameters":[{"code":2,"indent":null}]},{"code":505,"indent":0,"parameters":[{"code":2,"indent":null}]},{"code":505,"indent":0,"parameters":[{"code":2,"indent":null}]},{"code":505,"indent":0,"parameters":[{"code":37,"indent":null}]},{"code":505,"indent":0,"parameters":[{"code":39,"indent":null}]},{"code":205,"indent":0,"parameters":[4,{"list":[{"code":15,"parameters":[10],"indent":null},{"code":1,"indent":null},{"code":2,"indent":null},{"code":2,"indent":null},{"code":2,"indent":null},{"code":2,"indent":null},{"code":2,"indent":null},{"code":2,"indent":null},{"code":2,"indent":null},{"code":2,"indent":null},{"code":2,"indent":null},{"code":2,"indent":null},{"code":37,"indent":null},{"code":39,"indent":null},{"code":0}],"repeat":false,"skippable":false,"wait":true}]},{"code":505,"indent":0,"parameters":[{"code":15,"parameters":[10],"indent":null}]},{"code":505,"indent":0,"parameters":[{"code":1,"indent":null}]},{"code":505,"indent":0,"parameters":[{"code":2,"indent":null}]},{"code":505,"indent":0,"parameters":[{"code":2,"indent":null}]},{"code":505,"indent":0,"parameters":[{"code":2,"indent":null}]},{"code":505,"indent":0,"parameters":[{"code":2,"indent":null}]},{"code":505,"indent":0,"parameters":[{"code":2,"indent":null}]},{"code":505,"indent":0,"parameters":[{"code":2,"indent":null}]},{"code":505,"indent":0,"parameters":[{"code":2,"indent":null}]},{"code":505,"indent":0,"parameters":[{"code":2,"indent":null}]},{"code":505,"indent":0,"parameters":[{"code":2,"indent":null}]},{"code":505,"indent":0,"parameters":[{"code":2,"indent":null}]},{"code":505,"indent":0,"parameters":[{"code":37,"indent":null}]},{"code":505,"indent":0,"parameters":[{"code":39,"indent":null}]},{"code":230,"indent":0,"parameters":[60]},{"code":101,"indent":0,"parameters":["小超萌5",6,1,0]},{"code":401,"indent":0,"parameters":["\\C[27]\\{可...可恶！太卑鄙了！"]},{"code":101,"indent":0,"parameters":["小超萌2",5,1,0]},{"code":401,"indent":0,"parameters":["\\C[27]\\{不过...他说的对，我确实"]},{"code":401,"indent":0,"parameters":["不是真正的神主，有对桃源村居民"]},{"code":401,"indent":0,"parameters":["执法的权利吗？"]},{"code":101,"indent":0,"parameters":["小超萌1",6,1,0]},{"code":401,"indent":0,"parameters":["\\C[27]\\{要怎么办呢..."]},{"code":230,"indent":0,"parameters":[90]},{"code":221,"indent":0,"parameters":[]},{"code":201,"indent":0,"parameters":[0,122,24,6,0,0]},{"code":123,"indent":0,"parameters":["A",0]},{"code":0,"indent":0,"parameters":[]}],"moveFrequency":3,"moveRoute":{"list":[{"code":0,"parameters":[]}],"repeat":true,"skippable":false,"wait":false},"moveSpeed":3,"moveType":0,"priorityType":0,"stepAnime":false,"through":false,"trigger":3,"walkAnime":true},{"conditions":{"actorId":1,"actorValid":false,"itemId":1,"itemValid":false,"selfSwitchCh":"A","selfSwitchValid":true,"switch1Id":1,"switch1Valid":false,"switch2Id":1,"switch2Valid":false,"variableId":1,"variableValid":false,"variableValue":0},"directionFix":false,"image":{"characterIndex":0,"characterName":"","direction":2,"pattern":0,"tileId":0},"list":[{"code":0,"indent":0,"parameters":[]}],"moveFrequency":3,"moveRoute":{"list":[{"code":0,"parameters":[]}],"repeat":true,"skippable":false,"wait":false},"moveSpeed":3,"moveType":0,"priorityType":0,"stepAnime":false,"through":false,"trigger":0,"walkAnime":true}],"x":11,"y":3},
{"id":4,"name":"小偷","note":"","pages":[{"conditions":{"actorId":1,"actorValid":false,"itemId":1,"itemValid":false,"selfSwitchCh":"A","selfSwitchValid":false,"switch1Id":151,"switch1Valid":true,"switch2Id":1,"switch2Valid":false,"variableId":1,"variableValid":false,"variableValue":0},"directionFix":false,"image":{"tileId":0,"characterName":"和风（小偷）","direction":8,"pattern":1,"characterIndex":1},"list":[{"code":0,"indent":0,"parameters":[]}],"moveFrequency":3,"moveRoute":{"list":[{"code":0,"parameters":[]}],"repeat":true,"skippable":false,"wait":false},"moveSpeed":3,"moveType":0,"priorityType":1,"stepAnime":false,"through":false,"trigger":0,"walkAnime":true}],"x":0,"y":1}
]
}