{
"autoplayBgm":false,"autoplayBgs":false,"battleback1Name":"","battleback2Name":"","bgm":{"name":"","pan":0,"pitch":100,"volume":90},"bgs":{"name":"","pan":0,"pitch":100,"volume":90},"disableDashing":false,"displayName":"","encounterList":[],"encounterStep":30,"height":13,"note":"","parallaxLoopX":false,"parallaxLoopY":false,"parallaxName":"","parallaxShow":true,"parallaxSx":0,"parallaxSy":0,"scrollType":0,"specifyBattleback":false,"tilesetId":23,"width":17,
"data":[0,0,0,0,0,0,0,0,0,0,0,0,0,0,0,0,0,0,0,0,0,6691,6689,6689,6689,6689,6689,6689,6689,6693,0,0,0,0,0,0,0,0,6688,7090,7090,7090,7090,7090,7090,7090,6688,0,0,0,0,0,0,0,0,6688,7096,7096,7096,7096,7096,7096,7096,6688,0,0,0,0,0,0,0,0,6688,1560,1560,1560,1560,1560,1560,1560,6688,0,0,0,0,0,0,0,0,6688,1560,1560,1560,1560,1560,1560,1560,6688,0,0,0,0,0,0,0,0,6688,1560,1560,1560,1560,1560,1560,1560,6688,0,0,0,0,0,0,0,0,6688,1560,1560,1560,1560,1560,1560,1560,6688,0,0,0,0,0,0,0,0,6688,1560,1560,1560,1560,1560,1560,1560,6688,0,0,0,0,0,0,0,0,6697,6689,6689,6701,1560,6699,6689,6689,6695,0,0,0,0,0,0,0,0,0,0,0,0,0,0,0,0,0,0,0,0,0,0,0,0,0,0,0,0,0,0,0,0,0,0,0,0,0,0,0,0,0,0,0,0,0,0,0,0,0,0,0,0,0,0,0,0,0,0,0,0,0,0,0,0,0,0,0,0,0,0,0,0,0,0,0,0,0,0,0,0,0,0,0,0,0,0,0,0,0,0,0,0,0,0,0,0,0,0,0,0,0,0,0,0,0,0,0,0,0,0,0,0,0,0,0,0,0,0,0,0,0,0,0,0,0,0,0,0,0,0,0,0,0,0,0,0,0,0,0,0,0,0,0,0,0,0,0,0,0,0,0,0,0,0,0,0,0,0,0,0,0,0,0,0,0,0,0,0,0,0,0,0,0,0,0,0,0,0,0,0,0,0,0,0,0,0,0,0,0,0,0,0,0,0,0,0,0,0,0,0,0,0,0,0,0,0,0,0,0,0,0,0,0,0,0,0,0,0,0,0,0,0,0,0,0,0,0,0,0,0,0,0,0,0,0,0,0,0,0,0,0,0,0,0,0,0,0,0,0,0,0,0,0,0,0,0,0,0,0,0,0,0,0,0,0,0,0,0,0,0,0,0,0,0,0,0,0,0,0,0,0,0,0,0,0,0,0,0,0,0,0,0,0,0,0,0,0,0,0,0,0,0,0,0,0,0,0,0,0,0,0,0,0,0,0,0,0,0,0,0,0,0,0,0,0,0,0,0,0,0,0,0,0,0,0,0,0,0,0,0,0,0,0,0,0,0,0,0,0,0,0,0,0,0,0,0,0,0,0,0,0,0,0,0,0,0,0,0,0,0,0,0,0,0,0,0,0,0,0,0,0,0,0,0,0,0,0,0,0,0,0,0,0,0,0,0,0,0,0,0,0,0,0,0,0,0,0,0,0,0,0,0,0,0,0,0,0,0,0,0,0,0,0,0,0,0,0,0,0,0,0,0,0,0,0,0,0,0,0,0,0,0,0,0,0,0,0,0,0,0,0,0,0,0,0,0,0,0,0,0,0,0,0,0,0,0,0,0,0,0,0,0,0,0,0,0,0,0,0,0,0,0,0,0,0,0,0,0,0,0,0,0,0,0,0,0,0,0,0,0,0,0,0,0,0,0,0,0,0,0,0,0,0,0,0,0,0,0,0,0,0,0,0,0,0,0,0,0,0,0,0,0,0,0,0,0,37,37,0,0,0,0,0,0,0,0,0,0,0,0,0,0,0,45,45,0,0,32,32,33,0,0,0,0,0,0,0,0,0,0,53,53,0,34,40,40,41,0,0,0,0,0,0,0,0,0,0,0,0,0,0,0,0,0,0,0,0,0,0,0,0,0,0,0,0,0,0,0,0,0,83,0,0,0,0,0,0,0,0,0,0,0,0,0,0,0,0,91,0,0,0,0,0,0,0,0,0,0,0,0,0,0,0,0,99,0,0,0,0,0,0,0,0,0,0,0,0,0,0,0,0,0,0,0,0,0,0,0,0,0,0,0,0,0,0,0,0,0,0,0,0,0,0,0,0,0,0,0,0,0,0,0,0,0,0,0,0,0,0,0,0,0,0,0,0,0,0,0,0,0,0,0,0,0,0,0,0,0,0,0,0,0,0,0,0,0,0,0,0,0,0,0,0,0,0,0,0,0,0,0,0,0,0,0,0,0,0,0,0,0,0,0,0,0,0,0,0,0,0,0,0,0,0,0,0,0,0,0,0,0,0,0,0,0,0,0,0,0,0,0,0,0,0,0,0,0,0,0,0,0,0,5,0,0,0,0,0,0,0,0,0,0,0,0,0,0,0,0,5,0,0,0,0,0,0,0,0,0,0,0,0,0,0,0,0,5,0,0,0,0,0,0,0,0,0,0,0,0,0,0,0,0,5,0,0,0,0,0,0,0,0,0,0,0,0,0,0,0,0,5,0,0,0,0,0,0,0,0,0,0,0,0,0,0,0,0,0,0,0,0,0,0,0,0,0,0,0,0,0,0,0,0,0,0,0,0,0,0,0,0,0,0,0,0,0,0,0,0,0,0,0,0,0,0,0,0,0,0,0,0,0,0,0,0,0,0,0,0,0,0,0,0,0,0,0,0,0,0,0,0,0,0,0,0,0,0,0,0,0,0,0,0,0,0,0,0,0,0,0,0,0,0,0,0,0,0,0,0,0,0,0,0,0,0,0,0,0,0,0,0,0,0,0,0,0,0,0,0,0,0,0,0,0,0,0,1,1,0,0,0,0,0,0,0,0,0,0,0,0,0,0,0,0,0,0,1,1,1,0,0,0,0,0,0,0,0,0,0,0,0,0,0,0,0,0,0,0,0,0,0,0,0,0,0,0,0,0,0,0,0,0,0,0,0,0,0,0,0,0,0,0,0,0,0,0,0,0,0,0,0,0,0,0,0,0,0,0,0,0,0,0,0,0,0,0,0,0,0,0,0,0,0,0,0,0,0,0,0,0,0,0,0,0,0,0,0,0,0,0,0,0,0,0,0,0,0,0,0,0,0,0,0,0,0,0,0,0,0,0,0,0,0,0,0,0,0,0,0,0,0,0,0,0,0,0,0,0,0,0,0,0,0,0,0,0,0,0,0,0,0],
"events":[
null,
{"id":1,"name":"娅可","note":"","pages":[{"conditions":{"actorId":1,"actorValid":false,"itemId":1,"itemValid":false,"selfSwitchCh":"A","selfSwitchValid":false,"switch1Id":1,"switch1Valid":false,"switch2Id":1,"switch2Valid":false,"variableId":1,"variableValid":false,"variableValue":0},"directionFix":false,"image":{"tileId":0,"characterName":"佩可莉","direction":2,"pattern":1,"characterIndex":0},"list":[{"code":0,"indent":0,"parameters":[]}],"moveFrequency":3,"moveRoute":{"list":[{"code":0,"parameters":[]}],"repeat":true,"skippable":false,"wait":false},"moveSpeed":3,"moveType":0,"priorityType":1,"stepAnime":false,"through":false,"trigger":0,"walkAnime":true}],"x":8,"y":9},
{"id":2,"name":"佩露佩露","note":"","pages":[{"conditions":{"actorId":1,"actorValid":false,"itemId":1,"itemValid":false,"selfSwitchCh":"A","selfSwitchValid":false,"switch1Id":1,"switch1Valid":false,"switch2Id":1,"switch2Valid":false,"variableId":1,"variableValid":false,"variableValue":0},"directionFix":false,"image":{"tileId":0,"characterName":"小超萌战斗","direction":2,"pattern":1,"characterIndex":1},"list":[{"code":0,"indent":0,"parameters":[]}],"moveFrequency":3,"moveRoute":{"list":[{"code":0,"parameters":[]}],"repeat":true,"skippable":false,"wait":false},"moveSpeed":3,"moveType":0,"priorityType":1,"stepAnime":false,"through":false,"trigger":0,"walkAnime":true}],"x":8,"y":6},
{"id":3,"name":"EV003","note":"","pages":[{"conditions":{"actorId":1,"actorValid":false,"itemId":1,"itemValid":false,"selfSwitchCh":"A","selfSwitchValid":false,"switch1Id":1,"switch1Valid":false,"switch2Id":1,"switch2Valid":false,"variableId":1,"variableValid":false,"variableValue":0},"directionFix":false,"image":{"characterIndex":0,"characterName":"","direction":2,"pattern":0,"tileId":0},"list":[{"code":230,"indent":0,"parameters":[60]},{"code":241,"indent":0,"parameters":[{"name":"World_3","volume":65,"pitch":100,"pan":0}]},{"code":231,"indent":0,"parameters":[1,"412",0,0,0,0,100,100,255,0]},{"code":222,"indent":0,"parameters":[]},{"code":230,"indent":0,"parameters":[140]},{"code":235,"indent":0,"parameters":[1]},{"code":230,"indent":0,"parameters":[60]},{"code":213,"indent":0,"parameters":[1,8,true]},{"code":101,"indent":0,"parameters":["娅可1",2,0,2]},{"code":401,"indent":0,"parameters":["【娅可】"]},{"code":401,"indent":0,"parameters":["好，这里应该没有问题..."]},{"code":205,"indent":0,"parameters":[1,{"list":[{"code":4,"indent":null},{"code":4,"indent":null},{"code":0}],"repeat":false,"skippable":false,"wait":true}]},{"code":505,"indent":0,"parameters":[{"code":4,"indent":null}]},{"code":505,"indent":0,"parameters":[{"code":4,"indent":null}]},{"code":230,"indent":0,"parameters":[30]},{"code":250,"indent":0,"parameters":[{"name":"1咽口水","volume":90,"pitch":100,"pan":0}]},{"code":101,"indent":0,"parameters":["娅可8",1,0,2]},{"code":401,"indent":0,"parameters":["【娅可】"]},{"code":401,"indent":0,"parameters":["....."]},{"code":101,"indent":0,"parameters":["娅可1",2,0,2]},{"code":401,"indent":0,"parameters":["【娅可】"]},{"code":401,"indent":0,"parameters":["前天晚上，我像往常一样去到走廊里打水"]},{"code":230,"indent":0,"parameters":[30]},{"code":231,"indent":0,"parameters":[1,"413",0,0,0,0,100,100,255,0]},{"code":230,"indent":0,"parameters":[30]},{"code":101,"indent":0,"parameters":["",2,0,2]},{"code":401,"indent":0,"parameters":["【娅可】"]},{"code":401,"indent":0,"parameters":["走过204宿舍的时候……"]},{"code":101,"indent":0,"parameters":["",2,0,2]},{"code":401,"indent":0,"parameters":["【娅可】"]},{"code":401,"indent":0,"parameters":["我发现里面传来了微光"]},{"code":230,"indent":0,"parameters":[30]},{"code":101,"indent":0,"parameters":["",2,0,2]},{"code":401,"indent":0,"parameters":["【娅可】"]},{"code":401,"indent":0,"parameters":["我们学校规定十点以后就不能使用手机，"]},{"code":401,"indent":0,"parameters":["如果被发现的话就会没收并给予处分"]},{"code":230,"indent":0,"parameters":[30]},{"code":231,"indent":0,"parameters":[2,"416",0,0,0,0,100,100,255,0]},{"code":231,"indent":0,"parameters":[4,"415",0,0,0,0,100,100,255,0]},{"code":231,"indent":0,"parameters":[3,"417",0,0,-400,0,100,100,255,0]},{"code":230,"indent":0,"parameters":[30]},{"code":232,"indent":0,"parameters":[3,0,0,0,200,0,100,100,255,0,60,true]},{"code":101,"indent":0,"parameters":["",2,0,2]},{"code":401,"indent":0,"parameters":["【娅可】"]},{"code":401,"indent":0,"parameters":["所以我感到十分的好奇，于是就透过门缝查看"]},{"code":230,"indent":0,"parameters":[60]},{"code":231,"indent":0,"parameters":[5,"414",0,0,0,0,100,100,255,0]},{"code":230,"indent":0,"parameters":[60]},{"code":101,"indent":0,"parameters":["",2,0,2]},{"code":401,"indent":0,"parameters":["【娅可】"]},{"code":401,"indent":0,"parameters":["结果发现，一台手机正在亮光..."]},{"code":101,"indent":0,"parameters":["",2,0,2]},{"code":401,"indent":0,"parameters":["【娅可】"]},{"code":401,"indent":0,"parameters":["而且在没任何人操作的情况下正在打字……"]},{"code":230,"indent":0,"parameters":[60]},{"code":235,"indent":0,"parameters":[1]},{"code":235,"indent":0,"parameters":[2]},{"code":235,"indent":0,"parameters":[3]},{"code":235,"indent":0,"parameters":[4]},{"code":235,"indent":0,"parameters":[5]},{"code":230,"indent":0,"parameters":[30]},{"code":101,"indent":0,"parameters":["娅可1",7,0,2]},{"code":401,"indent":0,"parameters":["【娅可】"]},{"code":401,"indent":0,"parameters":["当时，我顿时以为闹鬼，"]},{"code":401,"indent":0,"parameters":["于是发了疯似的跑回宿舍，"]},{"code":401,"indent":0,"parameters":["躲进被窝里一晚没睡"]},{"code":101,"indent":0,"parameters":["娅可1",0,0,2]},{"code":401,"indent":0,"parameters":["【娅可】"]},{"code":401,"indent":0,"parameters":["但后来等我冷静之后回想，"]},{"code":401,"indent":0,"parameters":["才觉得很有可能是小人在上面打字。"]},{"code":213,"indent":0,"parameters":[1,8,true]},{"code":101,"indent":0,"parameters":["娅可7",0,0,2]},{"code":401,"indent":0,"parameters":["【娅可】"]},{"code":401,"indent":0,"parameters":["而且……204宿舍，是那个人的宿舍……"]},{"code":230,"indent":0,"parameters":[30]},{"code":213,"indent":0,"parameters":[2,2,true]},{"code":101,"indent":0,"parameters":["佩露佩露",5,0,2]},{"code":401,"indent":0,"parameters":["【佩露佩露】"]},{"code":401,"indent":0,"parameters":["那个人……？"]},{"code":230,"indent":0,"parameters":[30]},{"code":250,"indent":0,"parameters":[{"name":"1叮","volume":60,"pitch":100,"pan":0}]},{"code":101,"indent":0,"parameters":["娅可1",2,0,2]},{"code":401,"indent":0,"parameters":["【娅可】"]},{"code":401,"indent":0,"parameters":["\\C[10]赤红秋娜\\C[0]，她是学校里著名的坏学生。"]},{"code":101,"indent":0,"parameters":["娅可1",7,0,2]},{"code":401,"indent":0,"parameters":["【娅可】"]},{"code":401,"indent":0,"parameters":["她脾气非常暴躁，平时动不动就会打"]},{"code":401,"indent":0,"parameters":["学校里的其他学生，大家都很害怕她。"]},{"code":101,"indent":0,"parameters":["娅可1",2,0,2]},{"code":401,"indent":0,"parameters":["【娅可】"]},{"code":401,"indent":0,"parameters":["而且，她非常讨厌小人，最近有传闻说"]},{"code":401,"indent":0,"parameters":["有看到残缺不全的小人出现在她的宿舍"]},{"code":401,"indent":0,"parameters":["门外……"]},{"code":101,"indent":0,"parameters":["娅可1",2,0,2]},{"code":401,"indent":0,"parameters":["【娅可】"]},{"code":401,"indent":0,"parameters":["她的特征非常明显，火红色的头发，"]},{"code":401,"indent":0,"parameters":["简短的单马尾，我觉得她可能是你们"]},{"code":401,"indent":0,"parameters":["要找的人..."]},{"code":230,"indent":0,"parameters":[30]},{"code":213,"indent":0,"parameters":[2,8,true]},{"code":101,"indent":0,"parameters":["佩露佩露",6,0,2]},{"code":401,"indent":0,"parameters":["【佩露佩露】"]},{"code":401,"indent":0,"parameters":["单马尾的红色头发的女孩吗？"]},{"code":101,"indent":0,"parameters":["佩露佩露2",6,0,2]},{"code":401,"indent":0,"parameters":["【佩露佩露】"]},{"code":401,"indent":0,"parameters":["非常感谢，这绝对是很有价值的线索。"]},{"code":230,"indent":0,"parameters":[30]},{"code":250,"indent":0,"parameters":[{"name":"1害羞","volume":90,"pitch":100,"pan":0}]},{"code":101,"indent":0,"parameters":["娅可7",3,0,2]},{"code":401,"indent":0,"parameters":["【娅可】"]},{"code":401,"indent":0,"parameters":["啊，对了，千万要记得..."]},{"code":401,"indent":0,"parameters":["不要跟任何人说是我说的哦！"]},{"code":230,"indent":0,"parameters":[30]},{"code":101,"indent":0,"parameters":["佩露佩露",0,0,2]},{"code":401,"indent":0,"parameters":["【佩露佩露】"]},{"code":401,"indent":0,"parameters":["嗯！我们当然知道。"]},{"code":230,"indent":0,"parameters":[30]},{"code":101,"indent":0,"parameters":["娅可1",1,0,2]},{"code":401,"indent":0,"parameters":["【娅可】"]},{"code":401,"indent":0,"parameters":["嗯，我不能在这里待太久，我先走了。"]},{"code":230,"indent":0,"parameters":[30]},{"code":205,"indent":0,"parameters":[1,{"list":[{"code":1,"indent":null},{"code":1,"indent":null},{"code":15,"parameters":[40],"indent":null},{"code":44,"parameters":[{"name":"door11","volume":90,"pitch":100,"pan":0}],"indent":null},{"code":39,"indent":null},{"code":37,"indent":null},{"code":2,"indent":null},{"code":15,"parameters":[30],"indent":null},{"code":44,"parameters":[{"name":"Close1","volume":90,"pitch":100,"pan":0}],"indent":null},{"code":15,"parameters":[60],"indent":null},{"code":0}],"repeat":false,"skippable":true,"wait":true}]},{"code":505,"indent":0,"parameters":[{"code":1,"indent":null}]},{"code":505,"indent":0,"parameters":[{"code":1,"indent":null}]},{"code":505,"indent":0,"parameters":[{"code":15,"parameters":[40],"indent":null}]},{"code":505,"indent":0,"parameters":[{"code":44,"parameters":[{"name":"door11","volume":90,"pitch":100,"pan":0}],"indent":null}]},{"code":505,"indent":0,"parameters":[{"code":39,"indent":null}]},{"code":505,"indent":0,"parameters":[{"code":37,"indent":null}]},{"code":505,"indent":0,"parameters":[{"code":2,"indent":null}]},{"code":505,"indent":0,"parameters":[{"code":15,"parameters":[30],"indent":null}]},{"code":505,"indent":0,"parameters":[{"code":44,"parameters":[{"name":"Close1","volume":90,"pitch":100,"pan":0}],"indent":null}]},{"code":505,"indent":0,"parameters":[{"code":15,"parameters":[60],"indent":null}]},{"code":205,"indent":0,"parameters":[2,{"list":[{"code":17,"indent":null},{"code":0}],"repeat":false,"skippable":false,"wait":false}]},{"code":505,"indent":0,"parameters":[{"code":17,"indent":null}]},{"code":205,"indent":0,"parameters":[-1,{"list":[{"code":15,"parameters":[60],"indent":null},{"code":18,"indent":null},{"code":0}],"repeat":false,"skippable":false,"wait":false}]},{"code":505,"indent":0,"parameters":[{"code":15,"parameters":[60],"indent":null}]},{"code":505,"indent":0,"parameters":[{"code":18,"indent":null}]},{"code":230,"indent":0,"parameters":[30]},{"code":101,"indent":0,"parameters":["佩露佩露",5,0,2]},{"code":401,"indent":0,"parameters":["【佩露佩露】"]},{"code":401,"indent":0,"parameters":["单马尾红色头发的女孩..."]},{"code":401,"indent":0,"parameters":["接下来就以这个为目标调查看看吧。"]},{"code":101,"indent":0,"parameters":["礼服小超萌2",3,0,2]},{"code":401,"indent":0,"parameters":["【小超萌】"]},{"code":401,"indent":0,"parameters":["嗯！"]},{"code":230,"indent":0,"parameters":[30]},{"code":221,"indent":0,"parameters":[]},{"code":203,"indent":0,"parameters":[2,0,13,4,0]},{"code":205,"indent":0,"parameters":[2,{"list":[{"code":39,"indent":null},{"code":0}],"repeat":false,"skippable":false,"wait":true}]},{"code":505,"indent":0,"parameters":[{"code":39,"indent":null}]},{"code":129,"indent":0,"parameters":[4,0,false]},{"code":230,"indent":0,"parameters":[30]},{"code":205,"indent":0,"parameters":[4,{"list":[{"code":41,"parameters":["箭头",5],"indent":null},{"code":16,"indent":null},{"code":0}],"repeat":false,"skippable":false,"wait":true}]},{"code":505,"indent":0,"parameters":[{"code":41,"parameters":["箭头",5],"indent":null}]},{"code":505,"indent":0,"parameters":[{"code":16,"indent":null}]},{"code":203,"indent":0,"parameters":[4,0,8,9,2]},{"code":222,"indent":0,"parameters":[]},{"code":241,"indent":0,"parameters":[{"name":"MusMus-BGM-124","volume":50,"pitch":100,"pan":0}]},{"code":121,"indent":0,"parameters":[186,186,0]},{"code":250,"indent":0,"parameters":[{"name":"button2","volume":90,"pitch":100,"pan":0}]},{"code":355,"indent":0,"parameters":["Galv.QUEST.activate(47); "]},{"code":123,"indent":0,"parameters":["A",0]},{"code":0,"indent":0,"parameters":[]}],"moveFrequency":5,"moveRoute":{"list":[{"code":0,"parameters":[]}],"repeat":true,"skippable":false,"wait":false},"moveSpeed":3,"moveType":0,"priorityType":0,"stepAnime":false,"through":false,"trigger":3,"walkAnime":true},{"conditions":{"actorId":1,"actorValid":false,"itemId":1,"itemValid":false,"selfSwitchCh":"A","selfSwitchValid":true,"switch1Id":1,"switch1Valid":false,"switch2Id":1,"switch2Valid":false,"variableId":1,"variableValid":false,"variableValue":0},"directionFix":false,"image":{"characterIndex":0,"characterName":"","direction":2,"pattern":0,"tileId":0},"list":[{"code":0,"indent":0,"parameters":[]}],"moveFrequency":3,"moveRoute":{"list":[{"code":0,"parameters":[]}],"repeat":true,"skippable":false,"wait":false},"moveSpeed":3,"moveType":0,"priorityType":0,"stepAnime":false,"through":false,"trigger":0,"walkAnime":true}],"x":12,"y":3},
{"id":4,"name":"箭头","note":"","pages":[{"conditions":{"actorId":1,"actorValid":false,"itemId":1,"itemValid":false,"selfSwitchCh":"A","selfSwitchValid":false,"switch1Id":1,"switch1Valid":false,"switch2Id":1,"switch2Valid":false,"variableId":1,"variableValid":false,"variableValue":0},"directionFix":false,"image":{"characterIndex":0,"characterName":"","direction":2,"pattern":0,"tileId":0},"list":[{"code":250,"indent":0,"parameters":[{"name":"door10","volume":90,"pitch":100,"pan":0}]},{"code":201,"indent":0,"parameters":[0,134,5,3,2,0]},{"code":0,"indent":0,"parameters":[]}],"moveFrequency":3,"moveRoute":{"list":[{"code":0,"parameters":[]}],"repeat":true,"skippable":false,"wait":false},"moveSpeed":3,"moveType":0,"priorityType":0,"stepAnime":true,"through":false,"trigger":1,"walkAnime":true}],"x":14,"y":4}
]
}