{
"autoplayBgm":false,"autoplayBgs":false,"battleback1Name":"","battleback2Name":"","bgm":{"name":"","pan":0,"pitch":100,"volume":90},"bgs":{"name":"","pan":0,"pitch":100,"volume":90},"disableDashing":false,"displayName":"","encounterList":[],"encounterStep":30,"height":7,"note":"<Character_zoom:3>","parallaxLoopX":false,"parallaxLoopY":false,"parallaxName":"","parallaxShow":true,"parallaxSx":0,"parallaxSy":0,"scrollType":0,"specifyBattleback":false,"tilesetId":31,"width":7,
"data":[3588,3612,3612,3592,3584,3584,3584,3608,3234,3236,3600,3584,3584,3584,3608,3240,3238,3624,3612,3612,3612,3586,3604,3620,3243,3233,3233,3233,3584,3584,3586,3604,3604,3604,3604,3584,3584,3584,3584,3584,3584,3584,3584,3584,3584,3584,3584,3584,3584,3636,3660,3660,3640,3632,3632,3632,3656,3282,3284,3648,3632,3632,3632,3656,3288,3286,3672,3660,3660,3660,3656,3954,3956,3291,3281,3281,3281,3656,3960,3958,3666,3652,3652,3652,3634,3652,3652,3633,3632,3632,3632,3632,3632,3632,3632,3632,3632,3632,0,0,0,0,0,0,0,0,0,0,0,0,0,0,0,0,0,0,0,0,0,0,744,746,0,0,0,0,0,675,674,0,0,0,734,682,0,0,0,0,0,0,0,0,0,0,0,0,0,683,683,712,642,643,683,693,673,656,657,650,651,674,681,681,664,665,674,675,745,745,674,224,226,0,0,0,0,683,674,675,672,673,734,745,700,692,675,680,681,642,643,675,643,674,675,700,650,651,0,0,0,0,0,0,0,0,0,0,0,0,0,0,0,0,0,0,0,0,0,0,0,0,0,0,0,0,0,0,0,0,0,0,0,0,0,0,0,0,0,0,0,0,0,0,0,0,0,0,0,0,0,0,0,0,0,0,0,0,0,0,0,0,0,0,0,0,0,0,0,0,0,0,0,0,0,0,0,0,0,0,0,0,0,0,0,0,0,0,0,0,0,0,0,0,0,0],
"events":[
null,
{"id":1,"name":"EV001","note":"","pages":[{"conditions":{"actorId":1,"actorValid":false,"itemId":1,"itemValid":false,"selfSwitchCh":"A","selfSwitchValid":false,"switch1Id":1,"switch1Valid":false,"switch2Id":1,"switch2Valid":false,"variableId":1,"variableValid":false,"variableValue":0},"directionFix":false,"image":{"characterIndex":0,"characterName":"","direction":2,"pattern":0,"tileId":0},"list":[{"code":205,"indent":0,"parameters":[-1,{"list":[{"code":41,"parameters":["小超萌行走图",6],"indent":null},{"code":38,"indent":null},{"code":39,"indent":null},{"code":0}],"repeat":false,"skippable":false,"wait":true}]},{"code":505,"indent":0,"parameters":[{"code":41,"parameters":["小超萌行走图",6],"indent":null}]},{"code":505,"indent":0,"parameters":[{"code":38,"indent":null}]},{"code":505,"indent":0,"parameters":[{"code":39,"indent":null}]},{"code":230,"indent":0,"parameters":[60]},{"code":222,"indent":0,"parameters":[]},{"code":230,"indent":0,"parameters":[90]},{"code":250,"indent":0,"parameters":[{"name":"Explosion2","volume":20,"pitch":100,"pan":0}]},{"code":230,"indent":0,"parameters":[60]},{"code":250,"indent":0,"parameters":[{"name":"Explosion2","volume":40,"pitch":100,"pan":0}]},{"code":230,"indent":0,"parameters":[60]},{"code":205,"indent":0,"parameters":[-1,{"list":[{"code":40,"indent":null},{"code":29,"parameters":[2],"indent":null},{"code":2,"indent":null},{"code":44,"parameters":[{"name":"Explosion2","volume":60,"pitch":100,"pan":0}],"indent":null},{"code":2,"indent":null},{"code":44,"parameters":[{"name":"Explosion2","volume":80,"pitch":100,"pan":0}],"indent":null},{"code":0}],"repeat":false,"skippable":false,"wait":true}]},{"code":505,"indent":0,"parameters":[{"code":40,"indent":null}]},{"code":505,"indent":0,"parameters":[{"code":29,"parameters":[2],"indent":null}]},{"code":505,"indent":0,"parameters":[{"code":2,"indent":null}]},{"code":505,"indent":0,"parameters":[{"code":44,"parameters":[{"name":"Explosion2","volume":60,"pitch":100,"pan":0}],"indent":null}]},{"code":505,"indent":0,"parameters":[{"code":2,"indent":null}]},{"code":505,"indent":0,"parameters":[{"code":44,"parameters":[{"name":"Explosion2","volume":80,"pitch":100,"pan":0}],"indent":null}]},{"code":230,"indent":0,"parameters":[90]},{"code":221,"indent":0,"parameters":[]},{"code":230,"indent":0,"parameters":[60]},{"code":205,"indent":0,"parameters":[-1,{"list":[{"code":29,"parameters":[4],"indent":null},{"code":0}],"repeat":false,"skippable":false,"wait":true}]},{"code":505,"indent":0,"parameters":[{"code":29,"parameters":[4],"indent":null}]},{"code":201,"indent":0,"parameters":[0,119,24,17,4,0]},{"code":230,"indent":0,"parameters":[60]},{"code":0,"indent":0,"parameters":[]}],"moveFrequency":3,"moveRoute":{"list":[{"code":0,"parameters":[]}],"repeat":true,"skippable":false,"wait":false},"moveSpeed":3,"moveType":0,"priorityType":0,"stepAnime":false,"through":false,"trigger":3,"walkAnime":true}],"x":4,"y":1}
]
}