{
"autoplayBgm":false,"autoplayBgs":false,"battleback1Name":"","battleback2Name":"","bgm":{"name":"","pan":0,"pitch":100,"volume":90},"bgs":{"name":"","pan":0,"pitch":100,"volume":90},"disableDashing":false,"displayName":"","encounterList":[],"encounterStep":30,"height":13,"note":"<ulds> {\n\"name\": \"51\",\n\"x\": \"this.rx(1)\",\n\"y\": \"this.ry(1)\",\n\"z\": \"-1\",\n\"loop\": true\n} </ulds>","parallaxLoopX":false,"parallaxLoopY":false,"parallaxName":"","parallaxShow":true,"parallaxSx":0,"parallaxSy":0,"scrollType":0,"specifyBattleback":false,"tilesetId":1,"width":17,
"data":[0,0,0,0,0,0,0,0,0,0,0,0,0,0,0,0,0,0,0,0,0,0,0,0,0,0,0,0,0,0,0,0,0,0,0,0,0,0,0,0,0,0,0,0,0,0,0,0,0,0,0,0,0,0,0,0,0,0,0,0,0,0,0,0,0,0,0,0,0,0,0,0,0,0,0,0,3234,3220,3220,3236,0,0,0,0,0,0,0,0,0,0,0,0,0,3216,3200,3200,3224,0,0,0,0,0,0,0,0,0,0,0,0,0,3216,3200,3200,3224,0,0,0,0,0,0,0,0,0,0,0,0,0,3240,3228,3228,3238,0,0,0,0,0,0,0,0,0,0,0,0,0,0,0,0,0,0,0,0,0,0,0,0,0,0,0,0,0,0,0,0,0,0,0,0,0,0,0,0,0,0,0,0,0,0,0,0,0,0,0,0,0,0,0,0,0,0,0,0,0,0,0,0,0,0,0,0,0,0,0,0,0,0,0,0,0,0,0,0,0,0,0,0,0,0,0,0,0,0,0,0,0,0,0,0,0,0,0,0,0,0,0,0,0,0,0,0,0,0,0,0,0,0,0,0,0,0,0,0,0,0,0,0,0,0,0,0,0,0,0,0,0,0,0,0,0,0,0,0,0,0,0,0,0,0,0,0,0,0,0,0,0,0,0,0,0,0,0,0,0,0,0,0,0,0,0,0,0,0,0,0,0,0,0,0,0,0,0,0,0,0,0,0,0,0,0,0,0,0,0,0,0,0,0,0,0,0,0,0,0,0,0,0,0,0,0,0,0,0,0,0,0,0,0,0,0,0,0,0,0,0,0,0,0,0,0,0,0,0,0,0,0,0,0,0,0,0,0,0,0,0,0,0,0,0,0,0,0,0,0,0,0,0,0,0,0,0,0,0,0,0,0,0,0,0,0,0,0,0,0,0,0,0,0,0,0,0,0,0,0,0,0,0,0,0,0,0,0,0,0,0,0,0,0,0,0,0,0,0,0,0,0,0,0,0,0,0,0,0,0,0,0,0,0,0,0,0,0,0,0,0,0,0,0,0,0,0,0,0,0,0,0,0,0,0,0,0,0,0,0,0,0,0,0,0,0,0,0,0,0,0,0,0,0,0,0,0,0,0,0,0,0,0,0,0,0,0,0,0,0,0,0,0,0,0,0,0,0,0,0,0,0,0,0,0,0,0,0,0,0,0,0,0,0,0,0,0,0,0,0,0,0,0,0,0,0,0,0,0,0,0,0,0,0,0,0,0,0,0,0,0,321,0,0,0,0,0,0,0,0,0,0,0,0,0,0,0,0,0,0,0,0,0,0,0,0,0,0,0,0,0,0,0,0,0,0,0,0,0,0,0,0,0,0,0,0,0,0,0,0,0,0,0,0,0,0,0,0,0,0,0,0,0,0,0,0,0,0,0,0,0,0,0,0,0,0,0,0,0,0,0,0,0,0,0,0,0,0,0,0,0,0,0,0,0,0,0,0,0,0,0,0,0,0,0,0,0,0,0,0,0,0,0,0,0,0,0,0,0,0,0,0,0,0,0,0,0,0,0,0,0,0,0,0,0,0,0,0,0,0,0,0,0,0,0,0,0,0,0,0,0,0,0,0,0,0,0,0,0,0,0,0,0,0,0,0,0,0,0,0,0,0,0,0,0,0,0,0,0,0,720,721,722,0,0,0,0,346,352,322,347,0,0,0,0,0,0,728,729,730,0,0,0,0,344,321,322,347,0,0,0,0,0,0,736,737,738,0,0,0,0,344,320,313,345,0,0,0,0,0,0,0,0,0,0,0,0,0,352,353,322,355,0,0,0,0,0,0,0,0,0,0,0,0,0,0,0,0,0,0,0,0,0,0,0,0,0,0,0,0,0,0,0,0,0,0,0,0,0,0,0,0,0,0,0,0,0,0,0,0,0,0,0,0,0,0,0,0,0,0,0,0,0,0,0,0,0,0,0,0,0,0,0,0,0,0,0,0,0,0,0,0,0,0,0,0,0,0,0,0,0,0,0,0,0,0,0,0,0,0,0,0,0,0,0,0,0,0,0,0,0,0,0,0,0,0,0,0,0,0,0,0,0,0,0,0,0,0,0,0,0,0,0,0,0,0,0,0,0,0,0,0,0,0,0,0,0,0,0,0,0,0,0,0,0,0,0,0,0,0,0,0,0,0,0,0,0,0,0,0,0,0,0,0,0,0,0,0,0,0,0,0,0,0,0,0,0,0,0,0,0,0,0,0,0,0,0,0,0,0,0,0,0,0,0,0,0,0,0,0,0,0,0,0,0,0,0,0,0,0,0,0,0,0,0,0,0,0,0,0,0,0,0,0,0,0,0,0,0,0,0,0,0,0,0,0,0,0,0,0,0,0,0,0,0,0,0,0,0,0,0,0,0,0,0,0,0,0,0,0,0,0,0,0,0,0,0,0,0,0,0,0,0,0,0,0,0,0,0,0,0,0,0,0,0,0,0,0,0,0,0,0,0,0,0,0,0,0,0,0,0,0,0,0,0,0,0,0,0,0,0,0,0,0,0,0,0,0,0,0,0,0,0,0,0,0,0,0,0,0,0,0,0,0,0,0,0,0,0,0,0,0,0,0,0,0,0,0,0,0,0,0,0,0,0,0,0,0,0,0,0,0,0,0,0,0,0,0,0,0,0,0,0,0,0,0,0,0,0,0,0,0,0,0,0,0,0,0,0,0,0,0,0,0,0,0,0,0,0,0,0,0,0,0,0,0,0,0,0,0,0,0,0,0,0,0,0,0,0,0,0,0,0,0,0,0,0,0,0,0,0,0,0,0,0,0,0,0,0,0,0,0,0,0,0,0,0,0,0,0,0,0,0,0,0,0,0,0,0,0,0,0,0,0,0,0,0,0,0,0,0,0,0,0,0,0,0,0,0,0,0,0,0,0,0,0,0,0,0,0,0,0,0,0,0,0,0,0,0,0,0,0,0,0,0,0,0,0,0,0,0,0,0,0,0,0,0,0,0,0,0,0,0,0],
"events":[
null,
{"id":1,"name":"管家","note":"","pages":[{"conditions":{"actorId":1,"actorValid":false,"itemId":1,"itemValid":false,"selfSwitchCh":"A","selfSwitchValid":false,"switch1Id":1,"switch1Valid":false,"switch2Id":1,"switch2Valid":false,"variableId":1,"variableValid":false,"variableValue":0},"directionFix":false,"image":{"tileId":0,"characterName":"少女6","direction":2,"pattern":1,"characterIndex":6},"list":[{"code":0,"indent":0,"parameters":[]}],"moveFrequency":3,"moveRoute":{"list":[{"code":0,"parameters":[]}],"repeat":true,"skippable":false,"wait":false},"moveSpeed":3,"moveType":0,"priorityType":1,"stepAnime":true,"through":true,"trigger":0,"walkAnime":true}],"x":5,"y":6},
{"id":2,"name":"EV002","note":"","pages":[{"conditions":{"actorId":1,"actorValid":false,"itemId":1,"itemValid":false,"selfSwitchCh":"A","selfSwitchValid":false,"switch1Id":131,"switch1Valid":true,"switch2Id":1,"switch2Valid":false,"variableId":1,"variableValid":false,"variableValue":0},"directionFix":false,"image":{"characterIndex":0,"characterName":"","direction":2,"pattern":0,"tileId":0},"list":[{"code":205,"indent":0,"parameters":[-1,{"list":[{"code":39,"indent":null},{"code":0}],"repeat":false,"skippable":false,"wait":true}]},{"code":505,"indent":0,"parameters":[{"code":39,"indent":null}]},{"code":231,"indent":0,"parameters":[2,"220",0,0,0,700,100,100,255,0]},{"code":230,"indent":0,"parameters":[60]},{"code":222,"indent":0,"parameters":[]},{"code":230,"indent":0,"parameters":[60]},{"code":250,"indent":0,"parameters":[{"name":"Wind1","volume":65,"pitch":100,"pan":0}]},{"code":232,"indent":0,"parameters":[2,0,0,0,0,-100,100,100,255,0,120,true]},{"code":230,"indent":0,"parameters":[60]},{"code":213,"indent":0,"parameters":[1,4,true]},{"code":101,"indent":0,"parameters":["小人管家",1,0,2]},{"code":401,"indent":0,"parameters":["【管家】"]},{"code":401,"indent":0,"parameters":["早上好啊，超萌小姐。"]},{"code":230,"indent":0,"parameters":[60]},{"code":101,"indent":0,"parameters":["小超萌",1,0,2]},{"code":401,"indent":0,"parameters":["【小超萌】"]},{"code":401,"indent":0,"parameters":["啊，是管家小姐，早上好！"]},{"code":230,"indent":0,"parameters":[60]},{"code":250,"indent":0,"parameters":[{"name":"1惊讶","volume":90,"pitch":100,"pan":0}]},{"code":101,"indent":0,"parameters":["小超萌2",1,0,2]},{"code":401,"indent":0,"parameters":["【小超萌】"]},{"code":401,"indent":0,"parameters":["！"]},{"code":101,"indent":0,"parameters":["小超萌",2,0,2]},{"code":401,"indent":0,"parameters":["【小超萌】"]},{"code":401,"indent":0,"parameters":["看起来城市的状态恢复得不错呢。"]},{"code":101,"indent":0,"parameters":["小超萌2",6,0,2]},{"code":401,"indent":0,"parameters":["【小超萌】"]},{"code":401,"indent":0,"parameters":["真不愧是管家小姐！"]},{"code":230,"indent":0,"parameters":[60]},{"code":101,"indent":0,"parameters":["小人管家",2,0,2]},{"code":401,"indent":0,"parameters":["【管家】"]},{"code":401,"indent":0,"parameters":["嗯！虽然这场大雨让城镇损失惨重，"]},{"code":401,"indent":0,"parameters":["接近毁灭的边缘..."]},{"code":101,"indent":0,"parameters":["小人管家",0,0,2]},{"code":401,"indent":0,"parameters":["【管家】"]},{"code":401,"indent":0,"parameters":["但还好超萌小姐及时发现，再经过我"]},{"code":401,"indent":0,"parameters":["两天的救助，洛伦菲亚已经初步恢复"]},{"code":401,"indent":0,"parameters":["正常的运转了。"]},{"code":230,"indent":0,"parameters":[60]},{"code":101,"indent":0,"parameters":["小超萌3",1,0,2]},{"code":401,"indent":0,"parameters":["【小超萌】"]},{"code":401,"indent":0,"parameters":["这真是太棒了！"]},{"code":230,"indent":0,"parameters":[60]},{"code":101,"indent":0,"parameters":["小人管家",3,0,2]},{"code":401,"indent":0,"parameters":["【管家】"]},{"code":401,"indent":0,"parameters":["不过想要恢复到灾前的水平，还需要"]},{"code":401,"indent":0,"parameters":["一段时间的调整。"]},{"code":230,"indent":0,"parameters":[30]},{"code":250,"indent":0,"parameters":[{"name":"1惊讶","volume":90,"pitch":100,"pan":0}]},{"code":213,"indent":0,"parameters":[1,1,true]},{"code":101,"indent":0,"parameters":["小人管家",2,0,2]},{"code":401,"indent":0,"parameters":["【管家】"]},{"code":401,"indent":0,"parameters":["对了，总统先生有话要和你说。"]},{"code":230,"indent":0,"parameters":[60]},{"code":250,"indent":0,"parameters":[{"name":"电波噪音","volume":90,"pitch":100,"pan":0}]},{"code":101,"indent":0,"parameters":["",0,2,2]},{"code":401,"indent":0,"parameters":["（电波噪音）"]},{"code":230,"indent":0,"parameters":[30]},{"code":251,"indent":0,"parameters":[]},{"code":230,"indent":0,"parameters":[60]},{"code":250,"indent":0,"parameters":[{"name":"Item1","volume":60,"pitch":100,"pan":0}]},{"code":101,"indent":0,"parameters":["小人国王",0,0,2]},{"code":401,"indent":0,"parameters":["【总统】"]},{"code":401,"indent":0,"parameters":["超萌小....咳咳，应该是超萌殿下。"]},{"code":230,"indent":0,"parameters":[30]},{"code":101,"indent":0,"parameters":["小超萌5",4,0,2]},{"code":401,"indent":0,"parameters":["【小超萌】"]},{"code":401,"indent":0,"parameters":["小人先生！"]},{"code":230,"indent":0,"parameters":[30]},{"code":101,"indent":0,"parameters":["小人国王",0,0,2]},{"code":401,"indent":0,"parameters":["【总统】"]},{"code":401,"indent":0,"parameters":["我们有一件重要的事情想向您宣布。"]},{"code":101,"indent":0,"parameters":["小人国王",0,0,2]},{"code":401,"indent":0,"parameters":["【总统】"]},{"code":401,"indent":0,"parameters":["您的救援，让我们这个濒临灭亡的国家"]},{"code":401,"indent":0,"parameters":["重新看到了曙光。"]},{"code":101,"indent":0,"parameters":["小人国王",0,0,2]},{"code":401,"indent":0,"parameters":["【总统】"]},{"code":401,"indent":0,"parameters":["在这个世界上，每天都有小人国悄无声息"]},{"code":401,"indent":0,"parameters":["地消失,我们本应该也是其中的一员..."]},{"code":101,"indent":0,"parameters":["小人国王",0,0,2]},{"code":401,"indent":0,"parameters":["【总统】"]},{"code":401,"indent":0,"parameters":["可是...我们遇到了您，如同上天派来"]},{"code":401,"indent":0,"parameters":["的天使一样，我们是多么的幸运。"]},{"code":101,"indent":0,"parameters":["小人国王",0,0,2]},{"code":401,"indent":0,"parameters":["【总统】"]},{"code":401,"indent":0,"parameters":["经过我和洛伦菲亚理事会们的商讨，我们"]},{"code":401,"indent":0,"parameters":["一致决定--------"]},{"code":230,"indent":0,"parameters":[60]},{"code":250,"indent":0,"parameters":[{"name":"噔","volume":90,"pitch":100,"pan":0}]},{"code":101,"indent":0,"parameters":["小人国王",5,0,2]},{"code":401,"indent":0,"parameters":["【总统】"]},{"code":401,"indent":0,"parameters":["给予您【荣誉总统】的职位！"]},{"code":230,"indent":0,"parameters":[60]},{"code":250,"indent":0,"parameters":[{"name":"1惊讶","volume":90,"pitch":100,"pan":0}]},{"code":101,"indent":0,"parameters":["小超萌1",1,0,2]},{"code":401,"indent":0,"parameters":["【小超萌】"]},{"code":401,"indent":0,"parameters":["诶？！！！！"]},{"code":101,"indent":0,"parameters":["小超萌5",5,0,2]},{"code":401,"indent":0,"parameters":["【小超萌】"]},{"code":401,"indent":0,"parameters":["总...总统....？"]},{"code":101,"indent":0,"parameters":["小超萌2",1,0,2]},{"code":401,"indent":0,"parameters":["【小超萌】"]},{"code":401,"indent":0,"parameters":["我......？"]},{"code":230,"indent":0,"parameters":[60]},{"code":101,"indent":0,"parameters":["小人国王",0,0,2]},{"code":401,"indent":0,"parameters":["【总统】"]},{"code":401,"indent":0,"parameters":["没错，您将享有与我同等的权力，"]},{"code":401,"indent":0,"parameters":["能够领导整个洛伦菲亚。"]},{"code":230,"indent":0,"parameters":[60]},{"code":250,"indent":0,"parameters":[{"name":"1害羞","volume":90,"pitch":100,"pan":0}]},{"code":101,"indent":0,"parameters":["小超萌1",6,0,2]},{"code":401,"indent":0,"parameters":["【小超萌】"]},{"code":401,"indent":0,"parameters":["说起来...我小时候确实幻想过"]},{"code":401,"indent":0,"parameters":["成为总统呢..."]},{"code":101,"indent":0,"parameters":["小超萌3",3,0,2]},{"code":401,"indent":0,"parameters":["【小超萌】"]},{"code":401,"indent":0,"parameters":["那时候我想如果我当上总统的话..."]},{"code":401,"indent":0,"parameters":["我一定要废除掉世界上所有的作业！"]},{"code":401,"indent":0,"parameters":["然后每天都要给公民发甜点。"]},{"code":101,"indent":0,"parameters":["小超萌2",1,0,2]},{"code":401,"indent":0,"parameters":["【小超萌】"]},{"code":401,"indent":0,"parameters":["不过...那只是小孩子的幻想啦..."]},{"code":101,"indent":0,"parameters":["小超萌3",0,0,2]},{"code":401,"indent":0,"parameters":["【小超萌】"]},{"code":401,"indent":0,"parameters":["虽然我很荣幸...但是，让一个女高中"]},{"code":401,"indent":0,"parameters":["生当总统的话,会不会有点不妥呢..."]},{"code":230,"indent":0,"parameters":[60]},{"code":213,"indent":0,"parameters":[1,4,true]},{"code":205,"indent":0,"parameters":[1,{"list":[{"code":1,"indent":null},{"code":0}],"repeat":false,"skippable":false,"wait":true}]},{"code":505,"indent":0,"parameters":[{"code":1,"indent":null}]},{"code":101,"indent":0,"parameters":["小人管家",1,0,2]},{"code":401,"indent":0,"parameters":["【管家】"]},{"code":401,"indent":0,"parameters":["这完全没有问题哦。"]},{"code":230,"indent":0,"parameters":[60]},{"code":101,"indent":0,"parameters":["小人管家",0,0,2]},{"code":401,"indent":0,"parameters":["【管家】"]},{"code":401,"indent":0,"parameters":["小超萌，你知道巨大少女学园的六大职业"]},{"code":401,"indent":0,"parameters":["的其中一个--【城市管理者】，就是专门"]},{"code":401,"indent":0,"parameters":["做这个的。"]},{"code":101,"indent":0,"parameters":["小人管家",2,0,2]},{"code":401,"indent":0,"parameters":["【管家】"]},{"code":401,"indent":0,"parameters":["她们会帮助城市或国家的领导者，共同"]},{"code":401,"indent":0,"parameters":["管理城市，由于体型巨大，所以很多行动"]},{"code":401,"indent":0,"parameters":["都非常好执行。"]},{"code":230,"indent":0,"parameters":[60]},{"code":101,"indent":0,"parameters":["小超萌2",1,0,2]},{"code":401,"indent":0,"parameters":["【小超萌】"]},{"code":401,"indent":0,"parameters":["城市管理者.....好像在哪听过..."]},{"code":230,"indent":0,"parameters":[60]},{"code":250,"indent":0,"parameters":[{"name":"转场2","volume":90,"pitch":100,"pan":0}]},{"code":231,"indent":0,"parameters":[3,"312",0,0,0,0,100,100,255,0]},{"code":230,"indent":0,"parameters":[90]},{"code":250,"indent":0,"parameters":[{"name":"1惊讶","volume":90,"pitch":100,"pan":0}]},{"code":101,"indent":0,"parameters":["小超萌1",1,0,2]},{"code":401,"indent":0,"parameters":["【小超萌】"]},{"code":401,"indent":0,"parameters":["啊，对了！绿洲城的女仆澪小姐，"]},{"code":401,"indent":0,"parameters":["就是一位【城市管理者】"]},{"code":230,"indent":0,"parameters":[60]},{"code":235,"indent":0,"parameters":[3]},{"code":213,"indent":0,"parameters":[1,4,true]},{"code":101,"indent":0,"parameters":["小人管家",0,0,2]},{"code":401,"indent":0,"parameters":["【管家】"]},{"code":401,"indent":0,"parameters":["没错，澪小姐可是那一届成绩排名第一"]},{"code":401,"indent":0,"parameters":["的巨大少女。"]},{"code":101,"indent":0,"parameters":["小人管家",1,0,2]},{"code":401,"indent":0,"parameters":["【管家】"]},{"code":401,"indent":0,"parameters":["在从巨大少女学园毕业之前，就已经"]},{"code":401,"indent":0,"parameters":["收到【绿洲城】的入职邀请，听说薪酬"]},{"code":401,"indent":0,"parameters":["非常可观。"]},{"code":230,"indent":0,"parameters":[60]},{"code":250,"indent":0,"parameters":[{"name":"1叮","volume":90,"pitch":100,"pan":0}]},{"code":101,"indent":0,"parameters":["小人管家",0,0,2]},{"code":401,"indent":0,"parameters":["【管家】"]},{"code":401,"indent":0,"parameters":["对了，如果超萌小姐对【城市管理者】这个"]},{"code":401,"indent":0,"parameters":["专业有兴趣的话，可以尝试去参观一下"]},{"code":401,"indent":0,"parameters":["他们的实习教室哦。"]},{"code":101,"indent":0,"parameters":["小人管家",1,0,2]},{"code":401,"indent":0,"parameters":["【管家】"]},{"code":401,"indent":0,"parameters":["还是十分有趣的呢。"]},{"code":230,"indent":0,"parameters":[60]},{"code":101,"indent":0,"parameters":["小超萌2",1,0,2]},{"code":401,"indent":0,"parameters":["【小超萌】"]},{"code":401,"indent":0,"parameters":["城市管理者的教室吗...听起来好像"]},{"code":401,"indent":0,"parameters":["确实挺有兴趣的。"]},{"code":101,"indent":0,"parameters":["小超萌3",2,0,2]},{"code":401,"indent":0,"parameters":["【小超萌】"]},{"code":401,"indent":0,"parameters":["今天上完课之后就去那里参观一下"]},{"code":401,"indent":0,"parameters":["好了！"]},{"code":230,"indent":0,"parameters":[60]},{"code":121,"indent":0,"parameters":[133,133,0]},{"code":201,"indent":0,"parameters":[0,95,5,8,4,0]},{"code":235,"indent":0,"parameters":[1]},{"code":235,"indent":0,"parameters":[2]},{"code":205,"indent":0,"parameters":[-1,{"list":[{"code":40,"indent":null},{"code":0}],"repeat":false,"skippable":false,"wait":true}]},{"code":505,"indent":0,"parameters":[{"code":40,"indent":null}]},{"code":0,"indent":0,"parameters":[]}],"moveFrequency":3,"moveRoute":{"list":[{"code":0,"parameters":[]}],"repeat":true,"skippable":false,"wait":false},"moveSpeed":3,"moveType":0,"priorityType":0,"stepAnime":false,"through":false,"trigger":3,"walkAnime":true},{"conditions":{"actorId":1,"actorValid":false,"itemId":1,"itemValid":false,"selfSwitchCh":"A","selfSwitchValid":false,"switch1Id":132,"switch1Valid":true,"switch2Id":1,"switch2Valid":false,"variableId":1,"variableValid":false,"variableValue":0},"directionFix":false,"image":{"characterIndex":0,"characterName":"","direction":2,"pattern":0,"tileId":0},"list":[{"code":356,"indent":0,"parameters":["BUST FALSE"]},{"code":205,"indent":0,"parameters":[-1,{"list":[{"code":39,"indent":null},{"code":0}],"repeat":false,"skippable":false,"wait":true}]},{"code":505,"indent":0,"parameters":[{"code":39,"indent":null}]},{"code":242,"indent":0,"parameters":[1]},{"code":231,"indent":0,"parameters":[2,"311",0,0,0,700,100,100,255,0]},{"code":230,"indent":0,"parameters":[60]},{"code":222,"indent":0,"parameters":[]},{"code":241,"indent":0,"parameters":[{"name":"Scene4","volume":55,"pitch":100,"pan":0}]},{"code":230,"indent":0,"parameters":[60]},{"code":101,"indent":0,"parameters":["小人管家",1,0,2]},{"code":401,"indent":0,"parameters":["【管家】"]},{"code":401,"indent":0,"parameters":["超萌小姐，早上好~"]},{"code":205,"indent":0,"parameters":[1,{"list":[{"code":1,"indent":null},{"code":0}],"repeat":false,"skippable":false,"wait":true}]},{"code":505,"indent":0,"parameters":[{"code":1,"indent":null}]},{"code":101,"indent":0,"parameters":["小人管家",0,0,2]},{"code":401,"indent":0,"parameters":["【管家】"]},{"code":401,"indent":0,"parameters":["您今天...."]},{"code":230,"indent":0,"parameters":[60]},{"code":250,"indent":0,"parameters":[{"name":"1惊讶","volume":90,"pitch":100,"pan":0}]},{"code":205,"indent":0,"parameters":[1,{"list":[{"code":14,"parameters":[0,0],"indent":null},{"code":0}],"repeat":false,"skippable":false,"wait":true}]},{"code":505,"indent":0,"parameters":[{"code":14,"parameters":[0,0],"indent":null}]},{"code":213,"indent":0,"parameters":[1,1,true]},{"code":101,"indent":0,"parameters":["小人管家1",4,0,2]},{"code":401,"indent":0,"parameters":["【管家】"]},{"code":401,"indent":0,"parameters":["超萌小姐....？"]},{"code":232,"indent":0,"parameters":[2,0,0,0,0,-100,100,100,255,0,600,false]},{"code":230,"indent":0,"parameters":[200]},{"code":356,"indent":0,"parameters":["shake_effects_event_id : 1 : 180"]},{"code":101,"indent":0,"parameters":["小人管家",6,0,2]},{"code":401,"indent":0,"parameters":["【管家】"]},{"code":401,"indent":0,"parameters":["等...等一等..."]},{"code":230,"indent":0,"parameters":[60]},{"code":245,"indent":0,"parameters":[{"name":"人群尖叫2","volume":55,"pitch":100,"pan":0}]},{"code":205,"indent":0,"parameters":[1,{"list":[{"code":35,"indent":null},{"code":4,"indent":null},{"code":15,"parameters":[60],"indent":null},{"code":4,"indent":null},{"code":0}],"repeat":false,"skippable":false,"wait":false}]},{"code":505,"indent":0,"parameters":[{"code":35,"indent":null}]},{"code":505,"indent":0,"parameters":[{"code":4,"indent":null}]},{"code":505,"indent":0,"parameters":[{"code":15,"parameters":[60],"indent":null}]},{"code":505,"indent":0,"parameters":[{"code":4,"indent":null}]},{"code":230,"indent":0,"parameters":[120]},{"code":101,"indent":0,"parameters":["小人管家",0,0,2]},{"code":401,"indent":0,"parameters":["【管家】"]},{"code":401,"indent":0,"parameters":["求求你了！！！！快注意到我们！！！！！"]},{"code":230,"indent":0,"parameters":[90]},{"code":101,"indent":0,"parameters":["小人管家",0,0,2]},{"code":401,"indent":0,"parameters":["【管家】"]},{"code":401,"indent":0,"parameters":["\\{不要！！！！！！！！！"]},{"code":230,"indent":0,"parameters":[60]},{"code":231,"indent":0,"parameters":[15,"黑色",0,0,0,0,100,100,255,0]},{"code":250,"indent":0,"parameters":[{"name":"Explosion7","volume":90,"pitch":100,"pan":0}]},{"code":250,"indent":0,"parameters":[{"name":"楼房倒塌（大）","volume":50,"pitch":100,"pan":0}]},{"code":242,"indent":0,"parameters":[1]},{"code":246,"indent":0,"parameters":[1]},{"code":230,"indent":0,"parameters":[250]},{"code":250,"indent":0,"parameters":[{"name":"1惊讶","volume":90,"pitch":100,"pan":0}]},{"code":101,"indent":0,"parameters":["小超萌2",2,0,2]},{"code":401,"indent":0,"parameters":["【小超萌】"]},{"code":401,"indent":0,"parameters":["诶？！"]},{"code":230,"indent":0,"parameters":[60]},{"code":101,"indent":0,"parameters":["小超萌2",2,0,2]},{"code":401,"indent":0,"parameters":["【小超萌】"]},{"code":401,"indent":0,"parameters":["我....我坐到了什么！？"]},{"code":230,"indent":0,"parameters":[60]},{"code":250,"indent":0,"parameters":[{"name":"1咽口水","volume":90,"pitch":100,"pan":0}]},{"code":101,"indent":0,"parameters":["小超萌2",2,0,2]},{"code":401,"indent":0,"parameters":["【小超萌】"]},{"code":401,"indent":0,"parameters":["......."]},{"code":101,"indent":0,"parameters":["小超萌2",2,0,2]},{"code":401,"indent":0,"parameters":["【小超萌】"]},{"code":401,"indent":0,"parameters":["我记得桌子上有...."]},{"code":230,"indent":0,"parameters":[60]},{"code":353,"indent":0,"parameters":[]},{"code":123,"indent":0,"parameters":["A",0]},{"code":0,"indent":0,"parameters":[]}],"moveFrequency":3,"moveRoute":{"list":[{"code":0,"parameters":[]}],"repeat":true,"skippable":false,"wait":false},"moveSpeed":3,"moveType":0,"priorityType":0,"stepAnime":false,"through":false,"trigger":3,"walkAnime":true},{"conditions":{"actorId":1,"actorValid":false,"itemId":1,"itemValid":false,"selfSwitchCh":"A","selfSwitchValid":false,"switch1Id":171,"switch1Valid":true,"switch2Id":1,"switch2Valid":false,"variableId":1,"variableValid":false,"variableValue":0},"directionFix":false,"image":{"characterIndex":0,"characterName":"","direction":2,"pattern":0,"tileId":0},"list":[{"code":205,"indent":0,"parameters":[-1,{"list":[{"code":39,"indent":null},{"code":0}],"repeat":false,"skippable":false,"wait":true}]},{"code":505,"indent":0,"parameters":[{"code":39,"indent":null}]},{"code":231,"indent":0,"parameters":[2,"220",0,0,0,700,100,100,255,0]},{"code":230,"indent":0,"parameters":[60]},{"code":222,"indent":0,"parameters":[]},{"code":230,"indent":0,"parameters":[60]},{"code":250,"indent":0,"parameters":[{"name":"Wind1","volume":65,"pitch":100,"pan":0}]},{"code":232,"indent":0,"parameters":[2,0,0,0,0,-100,100,100,255,0,120,true]},{"code":230,"indent":0,"parameters":[60]},{"code":213,"indent":0,"parameters":[1,4,true]},{"code":101,"indent":0,"parameters":["小人管家",1,0,2]},{"code":401,"indent":0,"parameters":["【管家】"]},{"code":401,"indent":0,"parameters":["超萌小姐，欢迎回家~"]},{"code":230,"indent":0,"parameters":[60]},{"code":101,"indent":0,"parameters":["小人管家",0,0,2]},{"code":401,"indent":0,"parameters":["【管家】"]},{"code":401,"indent":0,"parameters":["今天有去到【城市管理者】专业的实习教室"]},{"code":401,"indent":0,"parameters":["去参观吗？"]},{"code":230,"indent":0,"parameters":[60]},{"code":213,"indent":0,"parameters":[3,8,false]},{"code":101,"indent":0,"parameters":["小人国王",5,0,2]},{"code":401,"indent":0,"parameters":["【总统】"]},{"code":401,"indent":0,"parameters":["这样的话，您应该就能够胜任洛伦菲亚"]},{"code":401,"indent":0,"parameters":["的【荣誉总统】席位了吧。"]},{"code":230,"indent":0,"parameters":[60]},{"code":101,"indent":0,"parameters":["小超萌2",0,1,0]},{"code":401,"indent":0,"parameters":["\\C[27]\\{......"]},{"code":101,"indent":0,"parameters":["小超萌2",2,1,0]},{"code":401,"indent":0,"parameters":["\\C[27]\\{那个..."]},{"code":401,"indent":0,"parameters":["管家小姐，还有总统先生..."]},{"code":101,"indent":0,"parameters":["小超萌5",3,1,0]},{"code":401,"indent":0,"parameters":["\\C[27]\\{关于这件事，我已经"]},{"code":401,"indent":0,"parameters":["做出了决定。"]},{"code":230,"indent":0,"parameters":[90]},{"code":250,"indent":0,"parameters":[{"name":"1叮","volume":90,"pitch":100,"pan":0}]},{"code":101,"indent":0,"parameters":["小超萌2",1,1,0]},{"code":401,"indent":0,"parameters":["\\C[27]\\{我决定...\\|"]},{"code":401,"indent":0,"parameters":["放弃【荣誉总统】的席位。\\|"]},{"code":250,"indent":0,"parameters":[{"name":"1害羞","volume":90,"pitch":100,"pan":0}]},{"code":101,"indent":0,"parameters":["小超萌6",2,1,0]},{"code":401,"indent":0,"parameters":["\\C[27]\\{非常抱歉！"]},{"code":230,"indent":0,"parameters":[60]},{"code":250,"indent":0,"parameters":[{"name":"1惊讶","volume":90,"pitch":100,"pan":0}]},{"code":213,"indent":0,"parameters":[3,1,false]},{"code":213,"indent":0,"parameters":[1,1,true]},{"code":101,"indent":0,"parameters":["小人管家",2,0,2]},{"code":401,"indent":0,"parameters":["【管家】"]},{"code":401,"indent":0,"parameters":["超萌小姐，你说的是真的吗？"]},{"code":101,"indent":0,"parameters":["小人管家",2,0,2]},{"code":401,"indent":0,"parameters":["【管家】"]},{"code":401,"indent":0,"parameters":["虽然是小人国，但这样的机会还是"]},{"code":401,"indent":0,"parameters":["非常来之不易的噢。"]},{"code":230,"indent":0,"parameters":[60]},{"code":213,"indent":0,"parameters":[3,8,false]},{"code":101,"indent":0,"parameters":["小人国王",0,0,2]},{"code":401,"indent":0,"parameters":["【总统】"]},{"code":401,"indent":0,"parameters":["是觉得我们的国家太小了吗..."]},{"code":230,"indent":0,"parameters":[60]},{"code":101,"indent":0,"parameters":["小超萌2",5,1,0]},{"code":401,"indent":0,"parameters":["\\C[27]\\{啊，并不是这样的..."]},{"code":101,"indent":0,"parameters":["小超萌",0,1,0]},{"code":401,"indent":0,"parameters":["\\C[27]\\{我非常喜欢小人，"]},{"code":401,"indent":0,"parameters":["无论你们多小我都会喜欢..."]},{"code":101,"indent":0,"parameters":["小超萌1",2,1,0]},{"code":401,"indent":0,"parameters":["\\C[27]\\{能够成为你们的"]},{"code":401,"indent":0,"parameters":["荣誉总统也绝对是我的荣幸。"]},{"code":101,"indent":0,"parameters":["小超萌",0,1,0]},{"code":401,"indent":0,"parameters":["\\C[27]\\{作为巨大少女，能够"]},{"code":401,"indent":0,"parameters":["帮助小人是一件开心并且"]},{"code":401,"indent":0,"parameters":["骄傲的事情。"]},{"code":230,"indent":0,"parameters":[60]},{"code":101,"indent":0,"parameters":["小超萌2",0,1,0]},{"code":401,"indent":0,"parameters":["\\C[27]\\{......"]},{"code":101,"indent":0,"parameters":["小超萌2",2,1,0]},{"code":401,"indent":0,"parameters":["\\C[27]\\{不过...通过今天的经历，"]},{"code":401,"indent":0,"parameters":["我意识到了..."]},{"code":101,"indent":0,"parameters":["小超萌3",7,1,0]},{"code":401,"indent":0,"parameters":["\\C[27]\\{城市管理专业的雪奈老师"]},{"code":401,"indent":0,"parameters":["说的并没有错..."]},{"code":101,"indent":0,"parameters":["小超萌2",5,1,0]},{"code":401,"indent":0,"parameters":["\\C[27]\\{我可能...并不适合成为"]},{"code":401,"indent":0,"parameters":["一名领导者..."]},{"code":230,"indent":0,"parameters":[60]},{"code":101,"indent":0,"parameters":["小超萌",0,1,0]},{"code":401,"indent":0,"parameters":["\\C[27]\\{虽然作为巨大少女，我"]},{"code":401,"indent":0,"parameters":["十分愿意奉献自己的力量"]},{"code":401,"indent":0,"parameters":["去帮助小人。"]},{"code":101,"indent":0,"parameters":["小超萌2",1,1,0]},{"code":401,"indent":0,"parameters":["\\C[27]\\{但是...要成为"]},{"code":401,"indent":0,"parameters":["一名领袖，这是远远不够的。"]},{"code":101,"indent":0,"parameters":["小超萌3",6,1,0]},{"code":401,"indent":0,"parameters":["\\C[27]\\{我没有引领大家前进的觉悟，"]},{"code":401,"indent":0,"parameters":["也缺少了在关键时刻做出正确"]},{"code":401,"indent":0,"parameters":["决定的胆识..."]},{"code":101,"indent":0,"parameters":["小超萌2",5,1,0]},{"code":401,"indent":0,"parameters":["\\C[27]\\{我把一切事情想得太过简单..."]},{"code":401,"indent":0,"parameters":["也害怕承担后果..."]},{"code":101,"indent":0,"parameters":["小超萌2",3,1,0]},{"code":401,"indent":0,"parameters":["\\C[27]\\{要成为一名优秀的巨大少女..."]},{"code":401,"indent":0,"parameters":["我需要学习的还有很多。"]},{"code":230,"indent":0,"parameters":[60]},{"code":250,"indent":0,"parameters":[{"name":"1害羞","volume":90,"pitch":100,"pan":0}]},{"code":101,"indent":0,"parameters":["小超萌6",2,1,0]},{"code":401,"indent":0,"parameters":["\\C[27]\\{所以...总统先生..."]},{"code":401,"indent":0,"parameters":["我非常抱歉！！"]},{"code":230,"indent":0,"parameters":[60]},{"code":213,"indent":0,"parameters":[3,8,true]},{"code":101,"indent":0,"parameters":["小人国王",5,0,2]},{"code":401,"indent":0,"parameters":["【总统】"]},{"code":401,"indent":0,"parameters":["好吧，既然是你做出的决定，"]},{"code":401,"indent":0,"parameters":["我们当然会尊重。"]},{"code":101,"indent":0,"parameters":["小人国王",4,0,2]},{"code":401,"indent":0,"parameters":["【总统】"]},{"code":401,"indent":0,"parameters":["请记住，无论如何..."]},{"code":401,"indent":0,"parameters":["你都是我们的英雄。"]},{"code":230,"indent":0,"parameters":[60]},{"code":213,"indent":0,"parameters":[1,4,true]},{"code":101,"indent":0,"parameters":["小人管家",1,0,2]},{"code":401,"indent":0,"parameters":["【管家】"]},{"code":401,"indent":0,"parameters":["超萌小姐...还真是一个善良的好孩子呢。"]},{"code":230,"indent":0,"parameters":[60]},{"code":101,"indent":0,"parameters":["小超萌",0,1,0]},{"code":401,"indent":0,"parameters":["\\C[27]\\{今天已经很晚了，"]},{"code":401,"indent":0,"parameters":["管家小姐...还有城市里的大家..."]},{"code":101,"indent":0,"parameters":["小超萌",2,1,0]},{"code":401,"indent":0,"parameters":["\\C[27]\\{晚安了~♥"]},{"code":230,"indent":0,"parameters":[60]},{"code":101,"indent":0,"parameters":["小人管家",0,0,2]},{"code":401,"indent":0,"parameters":["【管家】"]},{"code":401,"indent":0,"parameters":["晚安~"]},{"code":230,"indent":0,"parameters":[120]},{"code":231,"indent":0,"parameters":[15,"黑色",0,0,0,0,100,100,0,0]},{"code":232,"indent":0,"parameters":[15,0,0,0,0,0,100,100,255,0,160,true]},{"code":235,"indent":0,"parameters":[2]},{"code":230,"indent":0,"parameters":[60]},{"code":249,"indent":0,"parameters":[{"name":"JSGM_ME13_Good night","volume":65,"pitch":100,"pan":0}]},{"code":231,"indent":0,"parameters":[1,"天空1",0,0,0,-376,100,100,255,0]},{"code":232,"indent":0,"parameters":[15,0,0,0,0,0,100,100,0,0,120,true]},{"code":242,"indent":0,"parameters":[2]},{"code":230,"indent":0,"parameters":[120]},{"code":232,"indent":0,"parameters":[1,0,0,0,0,0,100,100,255,0,280,true]},{"code":230,"indent":0,"parameters":[200]},{"code":231,"indent":0,"parameters":[2,"天空2",0,0,0,0,100,100,0,0]},{"code":232,"indent":0,"parameters":[2,0,0,0,0,0,100,100,255,0,180,true]},{"code":230,"indent":0,"parameters":[120]},{"code":241,"indent":0,"parameters":[{"name":"JGSM_BGM02_Morning","volume":70,"pitch":100,"pan":0}]},{"code":230,"indent":0,"parameters":[60]},{"code":221,"indent":0,"parameters":[]},{"code":201,"indent":0,"parameters":[0,135,27,8,4,0]},{"code":0,"indent":0,"parameters":[]}],"moveFrequency":3,"moveRoute":{"list":[{"code":0,"parameters":[]}],"repeat":true,"skippable":false,"wait":false},"moveSpeed":3,"moveType":0,"priorityType":0,"stepAnime":false,"through":false,"trigger":3,"walkAnime":true}],"x":15,"y":5},
{"id":3,"name":"城市","note":"","pages":[{"conditions":{"actorId":1,"actorValid":false,"itemId":1,"itemValid":false,"selfSwitchCh":"A","selfSwitchValid":false,"switch1Id":1,"switch1Valid":false,"switch2Id":1,"switch2Valid":false,"variableId":1,"variableValid":false,"variableValue":0},"directionFix":false,"image":{"characterIndex":0,"characterName":"","direction":2,"pattern":0,"tileId":0},"list":[{"code":0,"indent":0,"parameters":[]}],"moveFrequency":3,"moveRoute":{"list":[{"code":0,"parameters":[]}],"repeat":true,"skippable":false,"wait":false},"moveSpeed":3,"moveType":0,"priorityType":0,"stepAnime":false,"through":false,"trigger":0,"walkAnime":true}],"x":9,"y":5}
]
}