[
null,
{"id":1,"expanded":true,"name":"MAP001","order":1,"parentId":0,"scrollX":1092,"scrollY":610},
{"id":2,"expanded":true,"name":"摩纳奶茶店","order":2,"parentId":0,"scrollX":1092,"scrollY":609.3333333333334},
{"id":3,"expanded":false,"name":"小超萌的房间","order":3,"parentId":0,"scrollX":1092,"scrollY":609.3333333333334},
{"id":4,"expanded":false,"name":"行政中心","order":4,"parentId":0,"scrollX":1081.3333333333333,"scrollY":1310.6666666666667},
{"id":5,"expanded":true,"name":"中心市区","order":5,"parentId":0,"scrollX":1081.3333333333333,"scrollY":598.6666666666666},
{"id":6,"expanded":false,"name":"餐厅","order":13,"parentId":0,"scrollX":1092,"scrollY":609.3333333333334},
{"id":7,"expanded":false,"name":"MAP007","order":14,"parentId":0,"scrollX":1092,"scrollY":598.6666666666666},
{"id":8,"expanded":false,"name":"MAP008","order":15,"parentId":0,"scrollX":1317.3333333333333,"scrollY":598.6666666666666},
{"id":9,"expanded":false,"name":"街边","order":16,"parentId":0,"scrollX":1092,"scrollY":609.3333333333334},
{"id":10,"expanded":true,"name":"住宅区","order":17,"parentId":0,"scrollX":1216,"scrollY":1165.3333333333333},
{"id":11,"expanded":false,"name":"回家","order":19,"parentId":0,"scrollX":1092,"scrollY":609.3333333333334},
{"id":12,"expanded":false,"name":"大使馆","order":20,"parentId":0,"scrollX":1081.3333333333333,"scrollY":1118.6666666666667},
{"id":13,"expanded":false,"name":"二楼","order":21,"parentId":0,"scrollX":1092,"scrollY":609.3333333333334},
{"id":14,"expanded":false,"name":"面试室","order":22,"parentId":0,"scrollX":1092,"scrollY":609.3333333333334},
{"id":15,"expanded":false,"name":"小人中心室外","order":23,"parentId":0,"scrollX":1081.3333333333333,"scrollY":686.6666666666666},
{"id":16,"expanded":false,"name":"外部","order":24,"parentId":0,"scrollX":1092,"scrollY":609.3333333333334},
{"id":17,"expanded":false,"name":"小人城镇","order":25,"parentId":0,"scrollX":1092,"scrollY":609.3333333333334},
{"id":18,"expanded":false,"name":"窗口","order":26,"parentId":0,"scrollX":1092,"scrollY":620.6666666666666},
{"id":19,"expanded":false,"name":"体检区1","order":27,"parentId":0,"scrollX":819,"scrollY":457},
{"id":20,"expanded":false,"name":"体检区2","order":28,"parentId":0,"scrollX":819,"scrollY":457},
{"id":21,"expanded":false,"name":"地面","order":29,"parentId":0,"scrollX":982.8,"scrollY":548.4},
{"id":22,"expanded":false,"name":"面试厅","order":30,"parentId":0,"scrollX":819,"scrollY":457},
{"id":23,"expanded":false,"name":"电梯间","order":31,"parentId":0,"scrollX":982.8,"scrollY":548.4},
{"id":24,"expanded":false,"name":"MAP024","order":32,"parentId":0,"scrollX":819,"scrollY":457},
{"id":25,"expanded":true,"name":"体育场","order":33,"parentId":0,"scrollX":1092,"scrollY":609.3333333333334},
{"id":26,"expanded":true,"name":"新教室","order":36,"parentId":0,"scrollX":819,"scrollY":457},
{"id":27,"expanded":true,"name":"巴士","order":40,"parentId":30,"scrollX":819,"scrollY":449},
{"id":28,"expanded":false,"name":"校门口","order":37,"parentId":26,"scrollX":1228.5,"scrollY":685.5},
{"id":29,"expanded":false,"name":"小人国","order":38,"parentId":0,"scrollX":1081.3333333333333,"scrollY":1042.6666666666667},
{"id":30,"expanded":true,"name":"巴士站","order":39,"parentId":0,"scrollX":1092,"scrollY":609.3333333333334},
{"id":31,"expanded":false,"name":"街道","order":41,"parentId":0,"scrollX":819,"scrollY":457},
{"id":32,"expanded":false,"name":"小人城市","order":42,"parentId":0,"scrollX":1092,"scrollY":609.3333333333334},
{"id":33,"expanded":true,"name":"MAP033","order":43,"parentId":0,"scrollX":811,"scrollY":457},
{"id":34,"expanded":false,"name":"MAP034","order":44,"parentId":33,"scrollX":819,"scrollY":457},
{"id":35,"expanded":false,"name":"MAP035","order":45,"parentId":0,"scrollX":819,"scrollY":457},
{"id":36,"expanded":false,"name":"裤裤","order":46,"parentId":0,"scrollX":811,"scrollY":457},
{"id":37,"expanded":false,"name":"公园","order":6,"parentId":5,"scrollX":1092,"scrollY":609.3333333333334},
{"id":38,"expanded":true,"name":"小人国2","order":47,"parentId":0,"scrollX":1081.3333333333333,"scrollY":1118.6666666666667},
{"id":39,"expanded":false,"name":"小人城市2","order":50,"parentId":0,"scrollX":1228.5,"scrollY":685.5},
{"id":40,"expanded":false,"name":"海边","order":51,"parentId":0,"scrollX":819,"scrollY":457},
{"id":41,"expanded":false,"name":"船","order":52,"parentId":0,"scrollX":1092,"scrollY":609.3333333333334},
{"id":42,"expanded":false,"name":"MAP042","order":53,"parentId":0,"scrollX":819,"scrollY":457},
{"id":43,"expanded":false,"name":"MAP043","order":54,"parentId":0,"scrollX":1092,"scrollY":609.3333333333334},
{"id":44,"expanded":false,"name":"小超萌的房间2","order":55,"parentId":0,"scrollX":1092,"scrollY":609.3333333333334},
{"id":45,"expanded":true,"name":"摩纳奶茶店2","order":56,"parentId":0,"scrollX":819,"scrollY":457},
{"id":46,"expanded":false,"name":"MAP046","order":57,"parentId":0,"scrollX":819,"scrollY":457},
{"id":47,"expanded":true,"name":"巨大少女学园","order":58,"parentId":0,"scrollX":1081.3333333333333,"scrollY":1186.6666666666667},
{"id":48,"expanded":true,"name":"巨大少女学园走廊","order":61,"parentId":0,"scrollX":1126.6666666666667,"scrollY":898.6666666666666},
{"id":49,"expanded":false,"name":"教室","order":65,"parentId":0,"scrollX":1092,"scrollY":609.3333333333334},
{"id":50,"expanded":true,"name":"新教室2","order":66,"parentId":0,"scrollX":1404,"scrollY":783.4285714285713},
{"id":51,"expanded":false,"name":"楼道","order":18,"parentId":10,"scrollX":1092,"scrollY":609.3333333333334},
{"id":52,"expanded":false,"name":"绿洲城外围","order":67,"parentId":0,"scrollX":1404,"scrollY":783.4285714285713},
{"id":53,"expanded":false,"name":"MAP053","order":68,"parentId":0,"scrollX":819,"scrollY":457},
{"id":54,"expanded":false,"name":"绿洲城外墙","order":69,"parentId":0,"scrollX":819,"scrollY":457},
{"id":55,"expanded":false,"name":"绿洲城","order":70,"parentId":0,"scrollX":1052,"scrollY":2095},
{"id":56,"expanded":false,"name":"绿洲城巴士站","order":71,"parentId":0,"scrollX":1404,"scrollY":783.4285714285713},
{"id":57,"expanded":false,"name":"绿洲城尾部","order":72,"parentId":0,"scrollX":819,"scrollY":457},
{"id":58,"expanded":false,"name":"桌上张嘴","order":76,"parentId":0,"scrollX":1139,"scrollY":1611},
{"id":59,"expanded":false,"name":"绿洲城局部","order":74,"parentId":60,"scrollX":811,"scrollY":839},
{"id":60,"expanded":true,"name":"桌上","order":73,"parentId":0,"scrollX":819,"scrollY":457},
{"id":61,"expanded":false,"name":"地上","order":75,"parentId":0,"scrollX":1139,"scrollY":997},
{"id":62,"expanded":false,"name":"嘴巴里","order":77,"parentId":0,"scrollX":1301,"scrollY":1581},
{"id":63,"expanded":false,"name":"过渡篇章","order":78,"parentId":0,"scrollX":1319,"scrollY":1581},
{"id":64,"expanded":false,"name":"体内","order":79,"parentId":0,"scrollX":819,"scrollY":449},
{"id":65,"expanded":false,"name":"体内2","order":80,"parentId":0,"scrollX":1376,"scrollY":1019},
{"id":66,"expanded":false,"name":"体内3","order":81,"parentId":0,"scrollX":811,"scrollY":495},
{"id":67,"expanded":false,"name":"胃部","order":82,"parentId":0,"scrollX":811,"scrollY":997},
{"id":68,"expanded":false,"name":"嘴巴里2","order":83,"parentId":0,"scrollX":811,"scrollY":1528},
{"id":69,"expanded":false,"name":"小人美甲店","order":84,"parentId":0,"scrollX":982.8,"scrollY":548.4},
{"id":70,"expanded":false,"name":"美甲店","order":85,"parentId":0,"scrollX":811,"scrollY":503},
{"id":71,"expanded":false,"name":"地面","order":86,"parentId":0,"scrollX":819,"scrollY":449},
{"id":72,"expanded":false,"name":"脚","order":87,"parentId":0,"scrollX":811,"scrollY":703},
{"id":73,"expanded":false,"name":"指甲上","order":88,"parentId":0,"scrollX":819,"scrollY":457},
{"id":74,"expanded":false,"name":"完成","order":89,"parentId":0,"scrollX":1787,"scrollY":841},
{"id":75,"expanded":false,"name":"体育场2","order":34,"parentId":25,"scrollX":819,"scrollY":457},
{"id":76,"expanded":false,"name":"小权游行","order":90,"parentId":0,"scrollX":819,"scrollY":457},
{"id":77,"expanded":false,"name":"MAP077","order":91,"parentId":0,"scrollX":1273.2,"scrollY":538.8},
{"id":78,"expanded":false,"name":"王宫","order":92,"parentId":0,"scrollX":973.1999999999999,"scrollY":548.4},
{"id":79,"expanded":false,"name":"MAP079","order":93,"parentId":0,"scrollX":982.8,"scrollY":548.4},
{"id":80,"expanded":false,"name":"MAP080","order":94,"parentId":0,"scrollX":1273.2,"scrollY":538.8},
{"id":81,"expanded":false,"name":"王宫","order":95,"parentId":0,"scrollX":973.1999999999999,"scrollY":548.4},
{"id":82,"expanded":false,"name":"MAP082","order":96,"parentId":0,"scrollX":982.8,"scrollY":548.4},
{"id":83,"expanded":false,"name":"下雨","order":97,"parentId":0,"scrollX":819,"scrollY":457},
{"id":84,"expanded":true,"name":"住宅区（雨天）","order":98,"parentId":0,"scrollX":1390.2857142857142,"scrollY":1040.5714285714284},
{"id":85,"expanded":false,"name":"都市","order":99,"parentId":0,"scrollX":865,"scrollY":449},
{"id":86,"expanded":false,"name":"MAP086","order":100,"parentId":0,"scrollX":819,"scrollY":457},
{"id":87,"expanded":false,"name":"地上","order":101,"parentId":0,"scrollX":819,"scrollY":457},
{"id":88,"expanded":false,"name":"楼道","order":102,"parentId":0,"scrollX":982.8,"scrollY":548.4},
{"id":89,"expanded":false,"name":"MAP089","order":103,"parentId":0,"scrollX":819,"scrollY":457},
{"id":90,"expanded":false,"name":"手指","order":104,"parentId":0,"scrollX":811,"scrollY":1111},
{"id":91,"expanded":false,"name":"耳道","order":105,"parentId":0,"scrollX":1092,"scrollY":609.3333333333334},
{"id":92,"expanded":false,"name":"耳道1","order":106,"parentId":0,"scrollX":1092,"scrollY":609.3333333333334},
{"id":93,"expanded":false,"name":"新区","order":107,"parentId":0,"scrollX":982.8,"scrollY":548.4},
{"id":94,"expanded":false,"name":"拉货","order":108,"parentId":0,"scrollX":982.8,"scrollY":548.4},
{"id":95,"expanded":false,"name":"小超萌的房间3","order":109,"parentId":0,"scrollX":1404,"scrollY":783.4285714285713},
{"id":96,"expanded":false,"name":"桌子上","order":110,"parentId":0,"scrollX":819,"scrollY":457},
{"id":97,"expanded":false,"name":"便利店","order":7,"parentId":5,"scrollX":1092,"scrollY":609.3333333333334},
{"id":98,"expanded":false,"name":"网吧","order":8,"parentId":5,"scrollX":1092,"scrollY":609.3333333333334},
{"id":99,"expanded":false,"name":"鞋子","order":48,"parentId":38,"scrollX":819,"scrollY":457},
{"id":100,"expanded":false,"name":"鞋子里","order":49,"parentId":38,"scrollX":819,"scrollY":457},
{"id":101,"expanded":true,"name":"体育场3","order":35,"parentId":25,"scrollX":1228.5,"scrollY":685.5},
{"id":102,"expanded":false,"name":"MAP102","order":64,"parentId":48,"scrollX":819,"scrollY":457},
{"id":103,"expanded":false,"name":"校门口1","order":111,"parentId":0,"scrollX":819,"scrollY":457},
{"id":104,"expanded":false,"name":"二楼","order":62,"parentId":48,"scrollX":1092,"scrollY":609.3333333333334},
{"id":105,"expanded":true,"name":"摩纳奶茶店3","order":112,"parentId":0,"scrollX":819,"scrollY":457},
{"id":106,"expanded":false,"name":"木屋","order":113,"parentId":0,"scrollX":1092,"scrollY":609.3333333333334},
{"id":107,"expanded":false,"name":"房间","order":114,"parentId":0,"scrollX":982.8,"scrollY":548.4},
{"id":108,"expanded":true,"name":"桌上1","order":115,"parentId":0,"scrollX":819,"scrollY":457},
{"id":109,"expanded":false,"name":"城市管理实习室","order":59,"parentId":47,"scrollX":1092,"scrollY":609.3333333333334},
{"id":110,"expanded":false,"name":"小城市","order":60,"parentId":47,"scrollX":1092,"scrollY":609.3333333333334},
{"id":111,"expanded":false,"name":"桃源山顶","order":117,"parentId":0,"scrollX":1404,"scrollY":783.4285714285713},
{"id":112,"expanded":false,"name":"山路","order":118,"parentId":0,"scrollX":1390.2857142857142,"scrollY":783.4285714285713},
{"id":113,"expanded":false,"name":"山路1","order":119,"parentId":0,"scrollX":811,"scrollY":457},
{"id":114,"expanded":false,"name":"山路2","order":120,"parentId":0,"scrollX":1390.2857142857142,"scrollY":1098.857142857143},
{"id":115,"expanded":false,"name":"桃源车站","order":121,"parentId":0,"scrollX":1404,"scrollY":783.4285714285713},
{"id":116,"expanded":false,"name":"桃源村","order":122,"parentId":0,"scrollX":1404,"scrollY":783.4285714285713},
{"id":117,"expanded":false,"name":"桃源村横版","order":123,"parentId":0,"scrollX":1081,"scrollY":449},
{"id":118,"expanded":false,"name":"waishe1","order":124,"parentId":0,"scrollX":982.8,"scrollY":548.4},
{"id":119,"expanded":false,"name":"银行","order":125,"parentId":0,"scrollX":1404,"scrollY":783.4285714285713},
{"id":120,"expanded":false,"name":"钱庄","order":126,"parentId":0,"scrollX":1404,"scrollY":783.4285714285713},
{"id":121,"expanded":false,"name":"MAP121","order":127,"parentId":0,"scrollX":1404,"scrollY":783.4285714285713},
{"id":122,"expanded":false,"name":"城市","order":128,"parentId":0,"scrollX":1404,"scrollY":783.4285714285713},
{"id":123,"expanded":false,"name":"MAP123","order":129,"parentId":0,"scrollX":1404,"scrollY":783.4285714285713},
{"id":124,"expanded":false,"name":"MAP124","order":130,"parentId":0,"scrollX":1404,"scrollY":783.4285714285713},
{"id":125,"expanded":false,"name":"广场","order":131,"parentId":0,"scrollX":1404,"scrollY":783.4285714285713},
{"id":126,"expanded":false,"name":"MAP126","order":132,"parentId":0,"scrollX":1404,"scrollY":783.4285714285713},
{"id":127,"expanded":false,"name":"MAP127","order":133,"parentId":0,"scrollX":1404,"scrollY":783.4285714285713},
{"id":128,"expanded":false,"name":"足","order":134,"parentId":0,"scrollX":1404,"scrollY":783.4285714285713},
{"id":129,"expanded":false,"name":"MAP129","order":135,"parentId":0,"scrollX":1228.5,"scrollY":685.5},
{"id":130,"expanded":false,"name":"桃源山顶","order":136,"parentId":0,"scrollX":1228.5,"scrollY":685.5},
{"id":131,"expanded":false,"name":"圣玛丽安女子中学（印子）","order":137,"parentId":0,"scrollX":816,"scrollY":950},
{"id":132,"expanded":false,"name":"圣玛丽安女子学院走廊","order":138,"parentId":0,"scrollX":1228.5,"scrollY":685.5},
{"id":133,"expanded":false,"name":"圣玛丽安女子学院走廊（右）","order":139,"parentId":0,"scrollX":1404,"scrollY":783.4285714285713},
{"id":134,"expanded":false,"name":"圣玛丽安女子学院走廊（左）","order":140,"parentId":0,"scrollX":1404,"scrollY":783.4285714285713},
{"id":135,"expanded":false,"name":"MAP135","order":141,"parentId":0,"scrollX":1228.5,"scrollY":685.5},
{"id":136,"expanded":false,"name":"MAP136","order":142,"parentId":0,"scrollX":982.8,"scrollY":548.4},
{"id":137,"expanded":true,"name":"摩纳奶茶店4","order":143,"parentId":0,"scrollX":819,"scrollY":457},
{"id":138,"expanded":false,"name":"小路","order":144,"parentId":0,"scrollX":1404,"scrollY":783.4285714285713},
{"id":139,"expanded":false,"name":"入口","order":145,"parentId":0,"scrollX":1390.2857142857142,"scrollY":992.5714285714286},
{"id":140,"expanded":false,"name":"MAP140","order":146,"parentId":0,"scrollX":1390.2857142857142,"scrollY":1088.5714285714284},
{"id":141,"expanded":false,"name":"MAP141","order":147,"parentId":0,"scrollX":1404,"scrollY":783.4285714285713},
{"id":142,"expanded":false,"name":"小巷","order":148,"parentId":0,"scrollX":1390.2857142857142,"scrollY":992.5714285714286},
{"id":143,"expanded":false,"name":"黑猫侦探社","order":149,"parentId":0,"scrollX":1404,"scrollY":783.4285714285713},
{"id":144,"expanded":false,"name":"咋想","order":150,"parentId":0,"scrollX":1404,"scrollY":783.4285714285713},
{"id":145,"expanded":false,"name":"MAP145","order":151,"parentId":0,"scrollX":1390.2857142857142,"scrollY":1088.5714285714284},
{"id":146,"expanded":false,"name":"圣玛丽安学园","order":152,"parentId":0,"scrollX":1216.5,"scrollY":1089},
{"id":147,"expanded":false,"name":"书包","order":63,"parentId":48,"scrollX":1454.6666666666667,"scrollY":770.6666666666666},
{"id":148,"expanded":false,"name":"圣玛丽安学院佑侧","order":153,"parentId":0,"scrollX":1390.2857142857142,"scrollY":783.4285714285713},
{"id":149,"expanded":false,"name":"圣玛丽安学院左侧","order":154,"parentId":0,"scrollX":1390.2857142857142,"scrollY":783.4285714285713},
{"id":150,"expanded":false,"name":"圣玛丽安学院后方","order":155,"parentId":0,"scrollX":1404,"scrollY":783.4285714285713},
{"id":151,"expanded":false,"name":"厕所","order":156,"parentId":0,"scrollX":1404,"scrollY":783.4285714285713},
{"id":152,"expanded":false,"name":"桌子上","order":157,"parentId":0,"scrollX":819,"scrollY":460},
{"id":153,"expanded":false,"name":"厕所2","order":158,"parentId":0,"scrollX":1404,"scrollY":783.4285714285713},
{"id":154,"expanded":false,"name":"禁闭室","order":159,"parentId":0,"scrollX":1404,"scrollY":783.4285714285713},
{"id":155,"expanded":false,"name":"禁闭室（剧情）","order":160,"parentId":0,"scrollX":1404,"scrollY":783.4285714285713},
{"id":156,"expanded":false,"name":"禁闭室（剧情）2","order":161,"parentId":0,"scrollX":1404,"scrollY":783.4285714285713},
{"id":157,"expanded":false,"name":"宿舍1楼","order":162,"parentId":0,"scrollX":1404,"scrollY":783.4285714285713},
{"id":158,"expanded":false,"name":"宿舍2楼","order":163,"parentId":0,"scrollX":965,"scrollY":624},
{"id":159,"expanded":false,"name":"204宿舍","order":164,"parentId":0,"scrollX":1404,"scrollY":783.4285714285713},
{"id":160,"expanded":false,"name":"205宿舍","order":165,"parentId":0,"scrollX":819,"scrollY":460},
{"id":161,"expanded":false,"name":"205宿舍（后）","order":166,"parentId":0,"scrollX":819,"scrollY":460},
{"id":162,"expanded":false,"name":"MAP162","order":167,"parentId":0,"scrollX":819,"scrollY":460},
{"id":163,"expanded":false,"name":"档案室","order":168,"parentId":0,"scrollX":982.8,"scrollY":548.4},
{"id":164,"expanded":false,"name":"桌面","order":169,"parentId":0,"scrollX":1404,"scrollY":783.4285714285713},
{"id":165,"expanded":false,"name":"玛丽安学园校门","order":170,"parentId":0,"scrollX":1092,"scrollY":609.3333333333334},
{"id":166,"expanded":false,"name":"咖啡店门口","order":171,"parentId":0,"scrollX":1092,"scrollY":609.3333333333334},
{"id":167,"expanded":false,"name":"考试门口","order":172,"parentId":0,"scrollX":982.8,"scrollY":548.4},
{"id":168,"expanded":false,"name":"出来","order":175,"parentId":0,"scrollX":1092,"scrollY":609.3333333333334},
{"id":169,"expanded":false,"name":"考试现场","order":173,"parentId":0,"scrollX":1092,"scrollY":609.3333333333334},
{"id":170,"expanded":false,"name":"考试的门口","order":174,"parentId":0,"scrollX":1081.3333333333333,"scrollY":686.6666666666666},
{"id":171,"expanded":true,"name":"桌上1备用（无需翻译）","order":116,"parentId":108,"scrollX":819,"scrollY":457},
{"id":172,"expanded":false,"name":"天文馆","order":9,"parentId":5,"scrollX":1092,"scrollY":609.3333333333334},
{"id":173,"expanded":false,"name":"小人联邦","order":10,"parentId":5,"scrollX":1081.3333333333333,"scrollY":1296},
{"id":174,"expanded":false,"name":"圣玛丽安间道","order":11,"parentId":5,"scrollX":1092,"scrollY":609.3333333333334},
{"id":175,"expanded":false,"name":"圣玛丽安学园（自由）","order":12,"parentId":5,"scrollX":1081.3333333333333,"scrollY":1232}
]